request_id,session_id,round_idx,arrival_time_ms,prefix_len,input_len,output_len,tool_wait_after_ms
session_synthetic_000000_round_000000,synthetic_000000,0,0.000000,0,306,68,414.000000
session_synthetic_000000_round_000001,synthetic_000000,1,0.000000,374,1130,242,475.000000
session_synthetic_000000_round_000002,synthetic_000000,2,0.000000,1746,418,215,227.000000
session_synthetic_000000_round_000003,synthetic_000000,3,0.000000,2379,1829,183,419.000000
session_synthetic_000000_round_000004,synthetic_000000,4,0.000000,4391,677,157,552.000000
session_synthetic_000000_round_000005,synthetic_000000,5,0.000000,5225,312,113,603.000000
session_synthetic_000000_round_000006,synthetic_000000,6,0.000000,5650,584,166,200.000000
session_synthetic_000000_round_000007,synthetic_000000,7,0.000000,6400,1061,265,120.000000
session_synthetic_000001_round_000000,synthetic_000001,0,495.714222,0,284,228,131.000000
session_synthetic_000001_round_000001,synthetic_000001,1,495.714222,512,287,262,456.000000
session_synthetic_000001_round_000002,synthetic_000001,2,495.714222,1061,865,326,168.000000
session_synthetic_000001_round_000003,synthetic_000001,3,495.714222,2252,434,237,117.000000
session_synthetic_000001_round_000004,synthetic_000001,4,495.714222,2923,1181,68,79.000000
session_synthetic_000001_round_000005,synthetic_000001,5,495.714222,4172,1507,113,406.000000
session_synthetic_000001_round_000006,synthetic_000001,6,495.714222,5792,1763,139,205.000000
session_synthetic_000001_round_000007,synthetic_000001,7,495.714222,7694,821,116,287.000000
session_synthetic_000002_round_000000,synthetic_000002,0,689.768459,0,679,182,434.000000
session_synthetic_000002_round_000001,synthetic_000002,1,689.768459,861,291,223,586.000000
session_synthetic_000002_round_000002,synthetic_000002,2,689.768459,1375,607,294,239.000000
session_synthetic_000002_round_000003,synthetic_000002,3,689.768459,2276,478,193,561.000000
session_synthetic_000002_round_000004,synthetic_000002,4,689.768459,2947,841,376,162.000000
session_synthetic_000002_round_000005,synthetic_000002,5,689.768459,4164,436,268,279.000000
session_synthetic_000003_round_000000,synthetic_000003,0,766.888187,0,1519,159,316.000000
session_synthetic_000003_round_000001,synthetic_000003,1,766.888187,1678,729,187,158.000000
session_synthetic_000003_round_000002,synthetic_000003,2,766.888187,2594,826,232,1178.000000
session_synthetic_000003_round_000003,synthetic_000003,3,766.888187,3652,3333,93,365.000000
session_synthetic_000003_round_000004,synthetic_000003,4,766.888187,7078,208,232,207.000000
session_synthetic_000003_round_000005,synthetic_000003,5,766.888187,7518,709,216,139.000000
session_synthetic_000003_round_000006,synthetic_000003,6,766.888187,8443,417,138,795.000000
session_synthetic_000003_round_000007,synthetic_000003,7,766.888187,8998,706,154,738.000000
session_synthetic_000004_round_000000,synthetic_000004,0,782.546897,0,439,278,1024.000000
session_synthetic_000004_round_000001,synthetic_000004,1,782.546897,717,940,302,481.000000
session_synthetic_000004_round_000002,synthetic_000004,2,782.546897,1959,624,95,84.000000
session_synthetic_000004_round_000003,synthetic_000004,3,782.546897,2678,372,92,237.000000
session_synthetic_000004_round_000004,synthetic_000004,4,782.546897,3142,309,131,654.000000
session_synthetic_000004_round_000005,synthetic_000004,5,782.546897,3582,450,336,490.000000
session_synthetic_000004_round_000006,synthetic_000004,6,782.546897,4368,861,88,92.000000
session_synthetic_000004_round_000007,synthetic_000004,7,782.546897,5317,521,187,396.000000
session_synthetic_000005_round_000000,synthetic_000005,0,784.192868,0,613,142,76.000000
session_synthetic_000005_round_000001,synthetic_000005,1,784.192868,755,411,162,42.000000
session_synthetic_000005_round_000002,synthetic_000005,2,784.192868,1328,382,265,225.000000
session_synthetic_000006_round_000000,synthetic_000006,0,836.533505,0,1050,113,564.000000
session_synthetic_000006_round_000001,synthetic_000006,1,836.533505,1163,584,173,274.000000
session_synthetic_000006_round_000002,synthetic_000006,2,836.533505,1920,621,92,344.000000
session_synthetic_000006_round_000003,synthetic_000006,3,836.533505,2633,596,259,185.000000
session_synthetic_000006_round_000004,synthetic_000006,4,836.533505,3488,1206,393,1321.000000
session_synthetic_000006_round_000005,synthetic_000006,5,836.533505,5087,1314,104,620.000000
session_synthetic_000006_round_000006,synthetic_000006,6,836.533505,6505,619,209,262.000000
session_synthetic_000007_round_000000,synthetic_000007,0,902.440375,0,613,215,271.000000
session_synthetic_000007_round_000001,synthetic_000007,1,902.440375,828,560,240,130.000000
session_synthetic_000007_round_000002,synthetic_000007,2,902.440375,1628,183,183,534.000000
session_synthetic_000007_round_000003,synthetic_000007,3,902.440375,1994,718,331,177.000000
session_synthetic_000007_round_000004,synthetic_000007,4,902.440375,3043,343,116,1130.000000
session_synthetic_000007_round_000005,synthetic_000007,5,902.440375,3502,135,147,167.000000
session_synthetic_000008_round_000000,synthetic_000008,0,934.942175,0,304,295,73.000000
session_synthetic_000008_round_000001,synthetic_000008,1,934.942175,599,3034,239,376.000000
session_synthetic_000008_round_000002,synthetic_000008,2,934.942175,3872,513,108,479.000000
session_synthetic_000008_round_000003,synthetic_000008,3,934.942175,4493,1576,198,593.000000
session_synthetic_000009_round_000000,synthetic_000009,0,989.468191,0,1819,243,874.000000
session_synthetic_000009_round_000001,synthetic_000009,1,989.468191,2062,332,101,233.000000
session_synthetic_000009_round_000002,synthetic_000009,2,989.468191,2495,577,272,203.000000
session_synthetic_000009_round_000003,synthetic_000009,3,989.468191,3344,1267,126,130.000000
session_synthetic_000009_round_000004,synthetic_000009,4,989.468191,4737,739,124,293.000000
session_synthetic_000009_round_000005,synthetic_000009,5,989.468191,5600,667,378,431.000000
session_synthetic_000009_round_000006,synthetic_000009,6,989.468191,6645,701,146,263.000000
session_synthetic_000010_round_000000,synthetic_000010,0,1097.262014,0,830,147,259.000000
session_synthetic_000010_round_000001,synthetic_000010,1,1097.262014,977,1634,295,408.000000
session_synthetic_000010_round_000002,synthetic_000010,2,1097.262014,2906,552,261,466.000000
session_synthetic_000010_round_000003,synthetic_000010,3,1097.262014,3719,4994,290,206.000000
session_synthetic_000010_round_000004,synthetic_000010,4,1097.262014,9003,239,249,471.000000
session_synthetic_000011_round_000000,synthetic_000011,0,1173.674376,0,406,205,338.000000
session_synthetic_000011_round_000001,synthetic_000011,1,1173.674376,611,155,236,329.000000
session_synthetic_000011_round_000002,synthetic_000011,2,1173.674376,1002,453,182,260.000000
session_synthetic_000011_round_000003,synthetic_000011,3,1173.674376,1637,183,193,274.000000
session_synthetic_000011_round_000004,synthetic_000011,4,1173.674376,2013,314,131,164.000000
session_synthetic_000011_round_000005,synthetic_000011,5,1173.674376,2458,133,183,635.000000
session_synthetic_000012_round_000000,synthetic_000012,0,1420.782370,0,376,167,315.000000
session_synthetic_000012_round_000001,synthetic_000012,1,1420.782370,543,785,251,477.000000
session_synthetic_000012_round_000002,synthetic_000012,2,1420.782370,1579,1255,191,200.000000
session_synthetic_000012_round_000003,synthetic_000012,3,1420.782370,3025,254,241,268.000000
session_synthetic_000012_round_000004,synthetic_000012,4,1420.782370,3520,484,200,170.000000
session_synthetic_000012_round_000005,synthetic_000012,5,1420.782370,4204,656,119,269.000000
session_synthetic_000013_round_000000,synthetic_000013,0,1465.155170,0,573,227,114.000000
session_synthetic_000013_round_000001,synthetic_000013,1,1465.155170,800,802,234,780.000000
session_synthetic_000013_round_000002,synthetic_000013,2,1465.155170,1836,1059,111,250.000000
session_synthetic_000014_round_000000,synthetic_000014,0,1692.161696,0,1281,164,441.000000
session_synthetic_000014_round_000001,synthetic_000014,1,1692.161696,1445,753,343,187.000000
session_synthetic_000014_round_000002,synthetic_000014,2,1692.161696,2541,550,98,302.000000
session_synthetic_000014_round_000003,synthetic_000014,3,1692.161696,3189,421,142,420.000000
session_synthetic_000014_round_000004,synthetic_000014,4,1692.161696,3752,1035,105,72.000000
session_synthetic_000014_round_000005,synthetic_000014,5,1692.161696,4892,1250,234,585.000000
session_synthetic_000014_round_000006,synthetic_000014,6,1692.161696,6376,953,151,274.000000
session_synthetic_000015_round_000000,synthetic_000015,0,1760.336092,0,228,230,108.000000
session_synthetic_000015_round_000001,synthetic_000015,1,1760.336092,458,533,112,117.000000
session_synthetic_000015_round_000002,synthetic_000015,2,1760.336092,1103,782,212,101.000000
session_synthetic_000016_round_000000,synthetic_000016,0,1786.410859,0,564,131,181.000000
session_synthetic_000016_round_000001,synthetic_000016,1,1786.410859,695,1088,193,112.000000
session_synthetic_000016_round_000002,synthetic_000016,2,1786.410859,1976,692,138,479.000000
session_synthetic_000016_round_000003,synthetic_000016,3,1786.410859,2806,691,245,280.000000
session_synthetic_000017_round_000000,synthetic_000017,0,1883.065420,0,760,224,375.000000
session_synthetic_000017_round_000001,synthetic_000017,1,1883.065420,984,328,198,289.000000
session_synthetic_000017_round_000002,synthetic_000017,2,1883.065420,1510,102,137,361.000000
session_synthetic_000017_round_000003,synthetic_000017,3,1883.065420,1749,801,192,191.000000
session_synthetic_000017_round_000004,synthetic_000017,4,1883.065420,2742,322,189,127.000000
session_synthetic_000017_round_000005,synthetic_000017,5,1883.065420,3253,465,443,441.000000
session_synthetic_000017_round_000006,synthetic_000017,6,1883.065420,4161,366,279,66.000000
session_synthetic_000017_round_000007,synthetic_000017,7,1883.065420,4806,120,354,162.000000
session_synthetic_000018_round_000000,synthetic_000018,0,1915.242395,0,528,210,528.000000
session_synthetic_000018_round_000001,synthetic_000018,1,1915.242395,738,607,116,442.000000
session_synthetic_000018_round_000002,synthetic_000018,2,1915.242395,1461,432,319,224.000000
session_synthetic_000018_round_000003,synthetic_000018,3,1915.242395,2212,1383,208,376.000000
session_synthetic_000019_round_000000,synthetic_000019,0,1984.434485,0,262,196,328.000000
session_synthetic_000019_round_000001,synthetic_000019,1,1984.434485,458,134,161,74.000000
session_synthetic_000019_round_000002,synthetic_000019,2,1984.434485,753,441,120,307.000000
session_synthetic_000019_round_000003,synthetic_000019,3,1984.434485,1314,1396,223,68.000000
session_synthetic_000019_round_000004,synthetic_000019,4,1984.434485,2933,701,244,395.000000
session_synthetic_000019_round_000005,synthetic_000019,5,1984.434485,3878,620,116,363.000000
session_synthetic_000020_round_000000,synthetic_000020,0,2053.544954,0,903,173,130.000000
session_synthetic_000020_round_000001,synthetic_000020,1,2053.544954,1076,158,325,77.000000
session_synthetic_000020_round_000002,synthetic_000020,2,2053.544954,1559,762,629,266.000000
session_synthetic_000020_round_000003,synthetic_000020,3,2053.544954,2950,400,138,214.000000
session_synthetic_000020_round_000004,synthetic_000020,4,2053.544954,3488,575,255,183.000000
session_synthetic_000020_round_000005,synthetic_000020,5,2053.544954,4318,155,161,446.000000
session_synthetic_000020_round_000006,synthetic_000020,6,2053.544954,4634,422,187,686.000000
session_synthetic_000020_round_000007,synthetic_000020,7,2053.544954,5243,805,272,268.000000
session_synthetic_000021_round_000000,synthetic_000021,0,2528.877279,0,477,146,489.000000
session_synthetic_000021_round_000001,synthetic_000021,1,2528.877279,623,665,290,303.000000
session_synthetic_000021_round_000002,synthetic_000021,2,2528.877279,1578,564,174,169.000000
session_synthetic_000021_round_000003,synthetic_000021,3,2528.877279,2316,558,134,199.000000
session_synthetic_000021_round_000004,synthetic_000021,4,2528.877279,3008,409,252,451.000000
session_synthetic_000021_round_000005,synthetic_000021,5,2528.877279,3669,759,184,222.000000
session_synthetic_000021_round_000006,synthetic_000021,6,2528.877279,4612,248,195,85.000000
session_synthetic_000021_round_000007,synthetic_000021,7,2528.877279,5055,521,145,213.000000
session_synthetic_000021_round_000008,synthetic_000021,8,2528.877279,5721,2221,153,433.000000
session_synthetic_000022_round_000000,synthetic_000022,0,2872.925689,0,505,159,734.000000
session_synthetic_000022_round_000001,synthetic_000022,1,2872.925689,664,695,162,127.000000
session_synthetic_000022_round_000002,synthetic_000022,2,2872.925689,1521,237,370,219.000000
session_synthetic_000022_round_000003,synthetic_000022,3,2872.925689,2128,557,152,183.000000
session_synthetic_000023_round_000000,synthetic_000023,0,3038.858250,0,349,103,224.000000
session_synthetic_000023_round_000001,synthetic_000023,1,3038.858250,452,706,266,279.000000
session_synthetic_000023_round_000002,synthetic_000023,2,3038.858250,1424,2045,196,252.000000
session_synthetic_000023_round_000003,synthetic_000023,3,3038.858250,3665,1160,167,177.000000
session_synthetic_000023_round_000004,synthetic_000023,4,3038.858250,4992,874,297,257.000000
session_synthetic_000024_round_000000,synthetic_000024,0,3140.352939,0,306,149,71.000000
session_synthetic_000024_round_000001,synthetic_000024,1,3140.352939,455,351,78,479.000000
session_synthetic_000024_round_000002,synthetic_000024,2,3140.352939,884,1218,219,1165.000000
session_synthetic_000025_round_000000,synthetic_000025,0,3372.032470,0,634,252,120.000000
session_synthetic_000025_round_000001,synthetic_000025,1,3372.032470,886,449,143,324.000000
session_synthetic_000025_round_000002,synthetic_000025,2,3372.032470,1478,169,187,188.000000
session_synthetic_000025_round_000003,synthetic_000025,3,3372.032470,1834,312,47,243.000000
session_synthetic_000026_round_000000,synthetic_000026,0,3515.032615,0,384,183,363.000000
session_synthetic_000026_round_000001,synthetic_000026,1,3515.032615,567,313,266,177.000000
session_synthetic_000026_round_000002,synthetic_000026,2,3515.032615,1146,1757,151,1347.000000
session_synthetic_000026_round_000003,synthetic_000026,3,3515.032615,3054,1077,260,57.000000
session_synthetic_000027_round_000000,synthetic_000027,0,3698.795503,0,1253,101,124.000000
session_synthetic_000027_round_000001,synthetic_000027,1,3698.795503,1354,583,260,363.000000
session_synthetic_000027_round_000002,synthetic_000027,2,3698.795503,2197,562,216,361.000000
session_synthetic_000027_round_000003,synthetic_000027,3,3698.795503,2975,2371,195,855.000000
session_synthetic_000027_round_000004,synthetic_000027,4,3698.795503,5541,698,134,264.000000
session_synthetic_000027_round_000005,synthetic_000027,5,3698.795503,6373,1393,97,88.000000
session_synthetic_000027_round_000006,synthetic_000027,6,3698.795503,7863,583,74,182.000000
session_synthetic_000028_round_000000,synthetic_000028,0,3746.162391,0,245,91,97.000000
session_synthetic_000028_round_000001,synthetic_000028,1,3746.162391,336,502,113,444.000000
session_synthetic_000028_round_000002,synthetic_000028,2,3746.162391,951,960,58,558.000000
session_synthetic_000029_round_000000,synthetic_000029,0,3836.970573,0,493,162,188.000000
session_synthetic_000029_round_000001,synthetic_000029,1,3836.970573,655,394,225,328.000000
session_synthetic_000029_round_000002,synthetic_000029,2,3836.970573,1274,703,108,545.000000
session_synthetic_000029_round_000003,synthetic_000029,3,3836.970573,2085,555,171,224.000000
session_synthetic_000030_round_000000,synthetic_000030,0,4129.748655,0,593,150,114.000000
session_synthetic_000030_round_000001,synthetic_000030,1,4129.748655,743,805,101,395.000000
session_synthetic_000030_round_000002,synthetic_000030,2,4129.748655,1649,450,125,1137.000000
session_synthetic_000031_round_000000,synthetic_000031,0,4305.995686,0,1421,244,327.000000
session_synthetic_000031_round_000001,synthetic_000031,1,4305.995686,1665,455,192,167.000000
session_synthetic_000031_round_000002,synthetic_000031,2,4305.995686,2312,1547,144,139.000000
session_synthetic_000031_round_000003,synthetic_000031,3,4305.995686,4003,357,152,129.000000
session_synthetic_000031_round_000004,synthetic_000031,4,4305.995686,4512,2800,218,424.000000
session_synthetic_000031_round_000005,synthetic_000031,5,4305.995686,7530,588,191,212.000000
session_synthetic_000031_round_000006,synthetic_000031,6,4305.995686,8309,2004,111,126.000000
session_synthetic_000032_round_000000,synthetic_000032,0,4400.723711,0,294,297,327.000000
session_synthetic_000032_round_000001,synthetic_000032,1,4400.723711,591,1300,283,301.000000
session_synthetic_000032_round_000002,synthetic_000032,2,4400.723711,2174,557,177,251.000000
session_synthetic_000032_round_000003,synthetic_000032,3,4400.723711,2908,237,98,211.000000
session_synthetic_000032_round_000004,synthetic_000032,4,4400.723711,3243,656,100,326.000000
session_synthetic_000032_round_000005,synthetic_000032,5,4400.723711,3999,837,137,584.000000
session_synthetic_000032_round_000006,synthetic_000032,6,4400.723711,4973,263,238,197.000000
session_synthetic_000033_round_000000,synthetic_000033,0,4430.154131,0,1017,119,285.000000
session_synthetic_000033_round_000001,synthetic_000033,1,4430.154131,1136,50,108,350.000000
session_synthetic_000033_round_000002,synthetic_000033,2,4430.154131,1294,336,157,275.000000
session_synthetic_000033_round_000003,synthetic_000033,3,4430.154131,1787,460,101,410.000000
session_synthetic_000033_round_000004,synthetic_000033,4,4430.154131,2348,1111,150,682.000000
session_synthetic_000033_round_000005,synthetic_000033,5,4430.154131,3609,840,145,491.000000
session_synthetic_000033_round_000006,synthetic_000033,6,4430.154131,4594,378,66,291.000000
session_synthetic_000034_round_000000,synthetic_000034,0,4441.519195,0,457,81,243.000000
session_synthetic_000034_round_000001,synthetic_000034,1,4441.519195,538,1988,96,179.000000
session_synthetic_000034_round_000002,synthetic_000034,2,4441.519195,2622,404,187,753.000000
session_synthetic_000035_round_000000,synthetic_000035,0,4482.628202,0,763,383,174.000000
session_synthetic_000035_round_000001,synthetic_000035,1,4482.628202,1146,774,267,146.000000
session_synthetic_000035_round_000002,synthetic_000035,2,4482.628202,2187,1076,112,172.000000
session_synthetic_000035_round_000003,synthetic_000035,3,4482.628202,3375,140,166,969.000000
session_synthetic_000036_round_000000,synthetic_000036,0,4540.966289,0,579,169,190.000000
session_synthetic_000036_round_000001,synthetic_000036,1,4540.966289,748,535,280,259.000000
session_synthetic_000036_round_000002,synthetic_000036,2,4540.966289,1563,491,482,265.000000
session_synthetic_000036_round_000003,synthetic_000036,3,4540.966289,2536,650,153,156.000000
session_synthetic_000036_round_000004,synthetic_000036,4,4540.966289,3339,1165,201,65.000000
session_synthetic_000037_round_000000,synthetic_000037,0,4589.485611,0,1033,119,74.000000
session_synthetic_000037_round_000001,synthetic_000037,1,4589.485611,1152,1170,132,133.000000
session_synthetic_000037_round_000002,synthetic_000037,2,4589.485611,2454,1470,171,326.000000
session_synthetic_000037_round_000003,synthetic_000037,3,4589.485611,4095,620,242,794.000000
session_synthetic_000037_round_000004,synthetic_000037,4,4589.485611,4957,601,79,224.000000
session_synthetic_000037_round_000005,synthetic_000037,5,4589.485611,5637,174,113,161.000000
session_synthetic_000037_round_000006,synthetic_000037,6,4589.485611,5924,327,185,352.000000
session_synthetic_000038_round_000000,synthetic_000038,0,5210.466767,0,1004,127,386.000000
session_synthetic_000038_round_000001,synthetic_000038,1,5210.466767,1131,323,129,177.000000
session_synthetic_000038_round_000002,synthetic_000038,2,5210.466767,1583,495,211,160.000000
session_synthetic_000038_round_000003,synthetic_000038,3,5210.466767,2289,244,197,138.000000
session_synthetic_000038_round_000004,synthetic_000038,4,5210.466767,2730,783,53,158.000000
session_synthetic_000038_round_000005,synthetic_000038,5,5210.466767,3566,458,148,406.000000
session_synthetic_000038_round_000006,synthetic_000038,6,5210.466767,4172,682,362,332.000000
session_synthetic_000039_round_000000,synthetic_000039,0,5362.004707,0,399,294,622.000000
session_synthetic_000039_round_000001,synthetic_000039,1,5362.004707,693,2002,64,209.000000
session_synthetic_000039_round_000002,synthetic_000039,2,5362.004707,2759,1269,75,296.000000
session_synthetic_000039_round_000003,synthetic_000039,3,5362.004707,4103,405,232,171.000000
session_synthetic_000039_round_000004,synthetic_000039,4,5362.004707,4740,257,99,462.000000
session_synthetic_000040_round_000000,synthetic_000040,0,5367.666109,0,948,305,133.000000
session_synthetic_000040_round_000001,synthetic_000040,1,5367.666109,1253,717,231,714.000000
session_synthetic_000040_round_000002,synthetic_000040,2,5367.666109,2201,496,107,529.000000
session_synthetic_000040_round_000003,synthetic_000040,3,5367.666109,2804,340,164,247.000000
session_synthetic_000041_round_000000,synthetic_000041,0,5492.090108,0,304,249,410.000000
session_synthetic_000041_round_000001,synthetic_000041,1,5492.090108,553,594,258,110.000000
session_synthetic_000041_round_000002,synthetic_000041,2,5492.090108,1405,1553,156,100.000000
session_synthetic_000042_round_000000,synthetic_000042,0,5563.233211,0,330,105,264.000000
session_synthetic_000042_round_000001,synthetic_000042,1,5563.233211,435,1608,186,204.000000
session_synthetic_000042_round_000002,synthetic_000042,2,5563.233211,2229,349,164,604.000000
session_synthetic_000042_round_000003,synthetic_000042,3,5563.233211,2742,576,264,369.000000
session_synthetic_000042_round_000004,synthetic_000042,4,5563.233211,3582,543,194,163.000000
session_synthetic_000043_round_000000,synthetic_000043,0,5606.970218,0,821,191,274.000000
session_synthetic_000043_round_000001,synthetic_000043,1,5606.970218,1012,374,277,255.000000
session_synthetic_000043_round_000002,synthetic_000043,2,5606.970218,1663,315,191,298.000000
session_synthetic_000043_round_000003,synthetic_000043,3,5606.970218,2169,335,290,281.000000
session_synthetic_000044_round_000000,synthetic_000044,0,5647.100702,0,1069,243,144.000000
session_synthetic_000044_round_000001,synthetic_000044,1,5647.100702,1312,1042,146,149.000000
session_synthetic_000044_round_000002,synthetic_000044,2,5647.100702,2500,473,156,310.000000
session_synthetic_000045_round_000000,synthetic_000045,0,5668.539256,0,410,177,182.000000
session_synthetic_000045_round_000001,synthetic_000045,1,5668.539256,587,432,100,284.000000
session_synthetic_000045_round_000002,synthetic_000045,2,5668.539256,1119,469,143,537.000000
session_synthetic_000045_round_000003,synthetic_000045,3,5668.539256,1731,237,114,119.000000
session_synthetic_000045_round_000004,synthetic_000045,4,5668.539256,2082,301,333,759.000000
session_synthetic_000045_round_000005,synthetic_000045,5,5668.539256,2716,375,149,96.000000
session_synthetic_000045_round_000006,synthetic_000045,6,5668.539256,3240,558,190,217.000000
session_synthetic_000045_round_000007,synthetic_000045,7,5668.539256,3988,106,148,431.000000
session_synthetic_000046_round_000000,synthetic_000046,0,6083.391182,0,659,153,345.000000
session_synthetic_000046_round_000001,synthetic_000046,1,6083.391182,812,356,250,370.000000
session_synthetic_000046_round_000002,synthetic_000046,2,6083.391182,1418,672,178,161.000000
session_synthetic_000046_round_000003,synthetic_000046,3,6083.391182,2268,309,349,440.000000
session_synthetic_000046_round_000004,synthetic_000046,4,6083.391182,2926,352,157,407.000000
session_synthetic_000046_round_000005,synthetic_000046,5,6083.391182,3435,290,234,297.000000
session_synthetic_000046_round_000006,synthetic_000046,6,6083.391182,3959,184,246,359.000000
session_synthetic_000046_round_000007,synthetic_000046,7,6083.391182,4389,808,224,619.000000
session_synthetic_000047_round_000000,synthetic_000047,0,6197.583183,0,2492,246,140.000000
session_synthetic_000047_round_000001,synthetic_000047,1,6197.583183,2738,769,729,365.000000
session_synthetic_000047_round_000002,synthetic_000047,2,6197.583183,4236,268,100,146.000000
session_synthetic_000047_round_000003,synthetic_000047,3,6197.583183,4604,631,296,260.000000
session_synthetic_000047_round_000004,synthetic_000047,4,6197.583183,5531,320,354,442.000000
session_synthetic_000047_round_000005,synthetic_000047,5,6197.583183,6205,150,500,568.000000
session_synthetic_000047_round_000006,synthetic_000047,6,6197.583183,6855,1557,147,193.000000
session_synthetic_000048_round_000000,synthetic_000048,0,6315.611395,0,754,157,58.000000
session_synthetic_000048_round_000001,synthetic_000048,1,6315.611395,911,286,108,148.000000
session_synthetic_000048_round_000002,synthetic_000048,2,6315.611395,1305,275,279,139.000000
session_synthetic_000048_round_000003,synthetic_000048,3,6315.611395,1859,2023,263,242.000000
session_synthetic_000049_round_000000,synthetic_000049,0,6346.419935,0,570,171,377.000000
session_synthetic_000049_round_000001,synthetic_000049,1,6346.419935,741,1540,125,195.000000
session_synthetic_000049_round_000002,synthetic_000049,2,6346.419935,2406,307,389,186.000000
session_synthetic_000049_round_000003,synthetic_000049,3,6346.419935,3102,1138,238,327.000000
session_synthetic_000049_round_000004,synthetic_000049,4,6346.419935,4478,607,164,198.000000
session_synthetic_000049_round_000005,synthetic_000049,5,6346.419935,5249,472,198,201.000000
session_synthetic_000049_round_000006,synthetic_000049,6,6346.419935,5919,897,256,155.000000
session_synthetic_000050_round_000000,synthetic_000050,0,6384.250806,0,586,419,401.000000
session_synthetic_000050_round_000001,synthetic_000050,1,6384.250806,1005,853,190,163.000000
session_synthetic_000050_round_000002,synthetic_000050,2,6384.250806,2048,366,142,300.000000
session_synthetic_000050_round_000003,synthetic_000050,3,6384.250806,2556,437,185,186.000000
session_synthetic_000050_round_000004,synthetic_000050,4,6384.250806,3178,160,461,519.000000
session_synthetic_000051_round_000000,synthetic_000051,0,6515.150709,0,906,163,514.000000
session_synthetic_000051_round_000001,synthetic_000051,1,6515.150709,1069,774,78,358.000000
session_synthetic_000051_round_000002,synthetic_000051,2,6515.150709,1921,224,142,324.000000
session_synthetic_000051_round_000003,synthetic_000051,3,6515.150709,2287,386,250,145.000000
session_synthetic_000051_round_000004,synthetic_000051,4,6515.150709,2923,616,241,277.000000
session_synthetic_000051_round_000005,synthetic_000051,5,6515.150709,3780,738,103,1018.000000
session_synthetic_000051_round_000006,synthetic_000051,6,6515.150709,4621,363,296,148.000000
session_synthetic_000052_round_000000,synthetic_000052,0,6744.618151,0,295,234,291.000000
session_synthetic_000052_round_000001,synthetic_000052,1,6744.618151,529,440,179,296.000000
session_synthetic_000052_round_000002,synthetic_000052,2,6744.618151,1148,334,262,325.000000
session_synthetic_000053_round_000000,synthetic_000053,0,7074.511117,0,574,176,240.000000
session_synthetic_000053_round_000001,synthetic_000053,1,7074.511117,750,2028,256,143.000000
session_synthetic_000053_round_000002,synthetic_000053,2,7074.511117,3034,577,299,326.000000
session_synthetic_000053_round_000003,synthetic_000053,3,7074.511117,3910,895,345,174.000000
session_synthetic_000053_round_000004,synthetic_000053,4,7074.511117,5150,369,137,473.000000
session_synthetic_000053_round_000005,synthetic_000053,5,7074.511117,5656,2293,409,294.000000
session_synthetic_000053_round_000006,synthetic_000053,6,7074.511117,8358,183,100,116.000000
session_synthetic_000053_round_000007,synthetic_000053,7,7074.511117,8641,481,221,174.000000
session_synthetic_000053_round_000008,synthetic_000053,8,7074.511117,9343,1007,278,246.000000
session_synthetic_000054_round_000000,synthetic_000054,0,7162.561934,0,330,132,200.000000
session_synthetic_000054_round_000001,synthetic_000054,1,7162.561934,462,1249,305,316.000000
session_synthetic_000054_round_000002,synthetic_000054,2,7162.561934,2016,405,189,424.000000
session_synthetic_000054_round_000003,synthetic_000054,3,7162.561934,2610,396,183,361.000000
session_synthetic_000055_round_000000,synthetic_000055,0,7873.443764,0,788,223,123.000000
session_synthetic_000055_round_000001,synthetic_000055,1,7873.443764,1011,277,358,262.000000
session_synthetic_000055_round_000002,synthetic_000055,2,7873.443764,1646,761,229,186.000000
session_synthetic_000055_round_000003,synthetic_000055,3,7873.443764,2636,2768,87,296.000000
session_synthetic_000055_round_000004,synthetic_000055,4,7873.443764,5491,269,60,541.000000
session_synthetic_000055_round_000005,synthetic_000055,5,7873.443764,5820,248,130,320.000000
session_synthetic_000055_round_000006,synthetic_000055,6,7873.443764,6198,1049,119,361.000000
session_synthetic_000056_round_000000,synthetic_000056,0,8078.742220,0,387,196,99.000000
session_synthetic_000056_round_000001,synthetic_000056,1,8078.742220,583,514,201,205.000000
session_synthetic_000056_round_000002,synthetic_000056,2,8078.742220,1298,1309,178,314.000000
session_synthetic_000056_round_000003,synthetic_000056,3,8078.742220,2785,249,74,351.000000
session_synthetic_000056_round_000004,synthetic_000056,4,8078.742220,3108,297,231,199.000000
session_synthetic_000056_round_000005,synthetic_000056,5,8078.742220,3636,370,264,98.000000
session_synthetic_000057_round_000000,synthetic_000057,0,8191.407242,0,857,288,455.000000
session_synthetic_000057_round_000001,synthetic_000057,1,8191.407242,1145,183,96,190.000000
session_synthetic_000057_round_000002,synthetic_000057,2,8191.407242,1424,197,130,471.000000
session_synthetic_000057_round_000003,synthetic_000057,3,8191.407242,1751,701,123,281.000000
session_synthetic_000057_round_000004,synthetic_000057,4,8191.407242,2575,484,193,328.000000
session_synthetic_000057_round_000005,synthetic_000057,5,8191.407242,3252,1593,86,118.000000
session_synthetic_000057_round_000006,synthetic_000057,6,8191.407242,4931,511,275,717.000000
session_synthetic_000057_round_000007,synthetic_000057,7,8191.407242,5717,229,131,189.000000
session_synthetic_000058_round_000000,synthetic_000058,0,8242.253581,0,697,175,195.000000
session_synthetic_000058_round_000001,synthetic_000058,1,8242.253581,872,254,162,342.000000
session_synthetic_000058_round_000002,synthetic_000058,2,8242.253581,1288,745,139,733.000000
session_synthetic_000058_round_000003,synthetic_000058,3,8242.253581,2172,290,241,213.000000
session_synthetic_000058_round_000004,synthetic_000058,4,8242.253581,2703,300,338,152.000000
session_synthetic_000058_round_000005,synthetic_000058,5,8242.253581,3341,1739,410,283.000000
session_synthetic_000059_round_000000,synthetic_000059,0,8377.999602,0,1143,295,362.000000
session_synthetic_000059_round_000001,synthetic_000059,1,8377.999602,1438,706,72,168.000000
session_synthetic_000059_round_000002,synthetic_000059,2,8377.999602,2216,447,138,389.000000
session_synthetic_000060_round_000000,synthetic_000060,0,8473.645238,0,169,109,192.000000
session_synthetic_000060_round_000001,synthetic_000060,1,8473.645238,278,364,209,152.000000
session_synthetic_000060_round_000002,synthetic_000060,2,8473.645238,851,448,412,630.000000
session_synthetic_000060_round_000003,synthetic_000060,3,8473.645238,1711,521,152,192.000000
session_synthetic_000060_round_000004,synthetic_000060,4,8473.645238,2384,767,128,196.000000
session_synthetic_000061_round_000000,synthetic_000061,0,8483.690722,0,929,357,359.000000
session_synthetic_000061_round_000001,synthetic_000061,1,8483.690722,1286,648,141,182.000000
session_synthetic_000061_round_000002,synthetic_000061,2,8483.690722,2075,294,141,115.000000
session_synthetic_000061_round_000003,synthetic_000061,3,8483.690722,2510,511,269,222.000000
session_synthetic_000061_round_000004,synthetic_000061,4,8483.690722,3290,522,96,218.000000
session_synthetic_000061_round_000005,synthetic_000061,5,8483.690722,3908,827,87,416.000000
session_synthetic_000061_round_000006,synthetic_000061,6,8483.690722,4822,849,180,332.000000
session_synthetic_000061_round_000007,synthetic_000061,7,8483.690722,5851,468,130,1046.000000
session_synthetic_000061_round_000008,synthetic_000061,8,8483.690722,6449,631,124,64.000000
session_synthetic_000062_round_000000,synthetic_000062,0,8495.316400,0,243,150,579.000000
session_synthetic_000062_round_000001,synthetic_000062,1,8495.316400,393,274,161,165.000000
session_synthetic_000062_round_000002,synthetic_000062,2,8495.316400,828,2202,113,401.000000
session_synthetic_000062_round_000003,synthetic_000062,3,8495.316400,3143,334,136,549.000000
session_synthetic_000062_round_000004,synthetic_000062,4,8495.316400,3613,457,223,663.000000
session_synthetic_000063_round_000000,synthetic_000063,0,8798.936016,0,373,270,465.000000
session_synthetic_000063_round_000001,synthetic_000063,1,8798.936016,643,145,200,186.000000
session_synthetic_000063_round_000002,synthetic_000063,2,8798.936016,988,418,187,637.000000
session_synthetic_000063_round_000003,synthetic_000063,3,8798.936016,1593,482,213,437.000000
session_synthetic_000063_round_000004,synthetic_000063,4,8798.936016,2288,531,73,225.000000
session_synthetic_000063_round_000005,synthetic_000063,5,8798.936016,2892,465,172,827.000000
session_synthetic_000063_round_000006,synthetic_000063,6,8798.936016,3529,634,223,137.000000
session_synthetic_000064_round_000000,synthetic_000064,0,8846.748389,0,499,356,203.000000
session_synthetic_000064_round_000001,synthetic_000064,1,8846.748389,855,535,173,376.000000
session_synthetic_000064_round_000002,synthetic_000064,2,8846.748389,1563,717,337,628.000000
session_synthetic_000064_round_000003,synthetic_000064,3,8846.748389,2617,407,179,187.000000
session_synthetic_000064_round_000004,synthetic_000064,4,8846.748389,3203,440,211,173.000000
session_synthetic_000064_round_000005,synthetic_000064,5,8846.748389,3854,916,70,220.000000
session_synthetic_000064_round_000006,synthetic_000064,6,8846.748389,4840,435,177,355.000000
session_synthetic_000064_round_000007,synthetic_000064,7,8846.748389,5452,594,88,181.000000
session_synthetic_000065_round_000000,synthetic_000065,0,9373.752596,0,274,281,100.000000
session_synthetic_000065_round_000001,synthetic_000065,1,9373.752596,555,479,97,585.000000
session_synthetic_000065_round_000002,synthetic_000065,2,9373.752596,1131,776,159,376.000000
session_synthetic_000065_round_000003,synthetic_000065,3,9373.752596,2066,514,183,122.000000
session_synthetic_000065_round_000004,synthetic_000065,4,9373.752596,2763,577,460,118.000000
session_synthetic_000066_round_000000,synthetic_000066,0,9725.925557,0,361,126,739.000000
session_synthetic_000066_round_000001,synthetic_000066,1,9725.925557,487,297,124,233.000000
session_synthetic_000066_round_000002,synthetic_000066,2,9725.925557,908,192,107,143.000000
session_synthetic_000066_round_000003,synthetic_000066,3,9725.925557,1207,601,254,296.000000
session_synthetic_000066_round_000004,synthetic_000066,4,9725.925557,2062,817,146,360.000000
session_synthetic_000066_round_000005,synthetic_000066,5,9725.925557,3025,861,106,437.000000
session_synthetic_000066_round_000006,synthetic_000066,6,9725.925557,3992,2273,85,235.000000
session_synthetic_000066_round_000007,synthetic_000066,7,9725.925557,6350,676,421,251.000000
session_synthetic_000067_round_000000,synthetic_000067,0,10060.601830,0,866,133,97.000000
session_synthetic_000067_round_000001,synthetic_000067,1,10060.601830,999,287,216,189.000000
session_synthetic_000067_round_000002,synthetic_000067,2,10060.601830,1502,920,93,166.000000
session_synthetic_000067_round_000003,synthetic_000067,3,10060.601830,2515,411,165,636.000000
session_synthetic_000068_round_000000,synthetic_000068,0,10188.887053,0,503,268,395.000000
session_synthetic_000068_round_000001,synthetic_000068,1,10188.887053,771,193,223,223.000000
session_synthetic_000068_round_000002,synthetic_000068,2,10188.887053,1187,410,220,168.000000
session_synthetic_000068_round_000003,synthetic_000068,3,10188.887053,1817,1869,112,236.000000
session_synthetic_000068_round_000004,synthetic_000068,4,10188.887053,3798,220,248,564.000000
session_synthetic_000068_round_000005,synthetic_000068,5,10188.887053,4266,494,169,152.000000
session_synthetic_000069_round_000000,synthetic_000069,0,10349.388203,0,479,162,372.000000
session_synthetic_000069_round_000001,synthetic_000069,1,10349.388203,641,628,123,376.000000
session_synthetic_000069_round_000002,synthetic_000069,2,10349.388203,1392,247,34,658.000000
session_synthetic_000069_round_000003,synthetic_000069,3,10349.388203,1673,506,263,319.000000
session_synthetic_000069_round_000004,synthetic_000069,4,10349.388203,2442,136,76,605.000000
session_synthetic_000069_round_000005,synthetic_000069,5,10349.388203,2654,1682,129,165.000000
session_synthetic_000070_round_000000,synthetic_000070,0,10725.049328,0,878,125,1102.000000
session_synthetic_000070_round_000001,synthetic_000070,1,10725.049328,1003,365,191,156.000000
session_synthetic_000070_round_000002,synthetic_000070,2,10725.049328,1559,420,173,337.000000
session_synthetic_000070_round_000003,synthetic_000070,3,10725.049328,2152,356,153,264.000000
session_synthetic_000070_round_000004,synthetic_000070,4,10725.049328,2661,488,356,484.000000
session_synthetic_000070_round_000005,synthetic_000070,5,10725.049328,3505,971,145,553.000000
session_synthetic_000070_round_000006,synthetic_000070,6,10725.049328,4621,654,170,224.000000
session_synthetic_000070_round_000007,synthetic_000070,7,10725.049328,5445,790,174,348.000000
session_synthetic_000071_round_000000,synthetic_000071,0,10785.380930,0,167,239,278.000000
session_synthetic_000071_round_000001,synthetic_000071,1,10785.380930,406,629,43,165.000000
session_synthetic_000071_round_000002,synthetic_000071,2,10785.380930,1078,829,129,318.000000
session_synthetic_000071_round_000003,synthetic_000071,3,10785.380930,2036,612,195,254.000000
session_synthetic_000071_round_000004,synthetic_000071,4,10785.380930,2843,398,296,392.000000
session_synthetic_000071_round_000005,synthetic_000071,5,10785.380930,3537,1670,171,168.000000
session_synthetic_000071_round_000006,synthetic_000071,6,10785.380930,5378,462,112,200.000000
session_synthetic_000072_round_000000,synthetic_000072,0,10939.718049,0,2318,151,142.000000
session_synthetic_000072_round_000001,synthetic_000072,1,10939.718049,2469,593,273,348.000000
session_synthetic_000072_round_000002,synthetic_000072,2,10939.718049,3335,2051,112,363.000000
session_synthetic_000072_round_000003,synthetic_000072,3,10939.718049,5498,282,267,377.000000
session_synthetic_000072_round_000004,synthetic_000072,4,10939.718049,6047,909,131,176.000000
session_synthetic_000073_round_000000,synthetic_000073,0,11005.980535,0,281,107,118.000000
session_synthetic_000073_round_000001,synthetic_000073,1,11005.980535,388,750,177,154.000000
session_synthetic_000073_round_000002,synthetic_000073,2,11005.980535,1315,838,233,113.000000
session_synthetic_000073_round_000003,synthetic_000073,3,11005.980535,2386,617,189,128.000000
session_synthetic_000073_round_000004,synthetic_000073,4,11005.980535,3192,541,148,84.000000
session_synthetic_000074_round_000000,synthetic_000074,0,11112.818309,0,1252,202,188.000000
session_synthetic_000074_round_000001,synthetic_000074,1,11112.818309,1454,1155,473,365.000000
session_synthetic_000074_round_000002,synthetic_000074,2,11112.818309,3082,835,171,367.000000
session_synthetic_000074_round_000003,synthetic_000074,3,11112.818309,4088,558,165,435.000000
session_synthetic_000074_round_000004,synthetic_000074,4,11112.818309,4811,211,148,381.000000
session_synthetic_000074_round_000005,synthetic_000074,5,11112.818309,5170,371,249,105.000000
session_synthetic_000074_round_000006,synthetic_000074,6,11112.818309,5790,1765,125,270.000000
session_synthetic_000074_round_000007,synthetic_000074,7,11112.818309,7680,851,198,185.000000
session_synthetic_000074_round_000008,synthetic_000074,8,11112.818309,8729,625,206,267.000000
session_synthetic_000075_round_000000,synthetic_000075,0,11189.054164,0,448,163,343.000000
session_synthetic_000075_round_000001,synthetic_000075,1,11189.054164,611,1011,342,199.000000
session_synthetic_000075_round_000002,synthetic_000075,2,11189.054164,1964,389,314,101.000000
session_synthetic_000075_round_000003,synthetic_000075,3,11189.054164,2667,851,317,270.000000
session_synthetic_000075_round_000004,synthetic_000075,4,11189.054164,3835,492,148,423.000000
session_synthetic_000075_round_000005,synthetic_000075,5,11189.054164,4475,186,130,326.000000
session_synthetic_000075_round_000006,synthetic_000075,6,11189.054164,4791,340,310,198.000000
session_synthetic_000076_round_000000,synthetic_000076,0,11414.711156,0,222,389,414.000000
session_synthetic_000076_round_000001,synthetic_000076,1,11414.711156,611,464,154,552.000000
session_synthetic_000076_round_000002,synthetic_000076,2,11414.711156,1229,432,193,829.000000
session_synthetic_000076_round_000003,synthetic_000076,3,11414.711156,1854,323,80,220.000000
session_synthetic_000077_round_000000,synthetic_000077,0,11693.444477,0,250,156,230.000000
session_synthetic_000077_round_000001,synthetic_000077,1,11693.444477,406,345,258,633.000000
session_synthetic_000077_round_000002,synthetic_000077,2,11693.444477,1009,942,151,167.000000
session_synthetic_000077_round_000003,synthetic_000077,3,11693.444477,2102,702,237,227.000000
session_synthetic_000077_round_000004,synthetic_000077,4,11693.444477,3041,1164,304,100.000000
session_synthetic_000078_round_000000,synthetic_000078,0,12217.422413,0,324,131,849.000000
session_synthetic_000078_round_000001,synthetic_000078,1,12217.422413,455,222,316,268.000000
session_synthetic_000078_round_000002,synthetic_000078,2,12217.422413,993,1842,345,391.000000
session_synthetic_000078_round_000003,synthetic_000078,3,12217.422413,3180,743,142,405.000000
session_synthetic_000079_round_000000,synthetic_000079,0,12701.624868,0,1385,201,279.000000
session_synthetic_000079_round_000001,synthetic_000079,1,12701.624868,1586,2801,475,311.000000
session_synthetic_000079_round_000002,synthetic_000079,2,12701.624868,4862,1651,89,326.000000
session_synthetic_000079_round_000003,synthetic_000079,3,12701.624868,6602,1043,140,280.000000
session_synthetic_000079_round_000004,synthetic_000079,4,12701.624868,7785,275,214,380.000000
session_synthetic_000079_round_000005,synthetic_000079,5,12701.624868,8274,1586,299,158.000000
session_synthetic_000080_round_000000,synthetic_000080,0,12711.867595,0,94,69,511.000000
session_synthetic_000080_round_000001,synthetic_000080,1,12711.867595,163,443,127,264.000000
session_synthetic_000080_round_000002,synthetic_000080,2,12711.867595,733,1459,149,110.000000
session_synthetic_000080_round_000003,synthetic_000080,3,12711.867595,2341,765,191,239.000000
session_synthetic_000080_round_000004,synthetic_000080,4,12711.867595,3297,323,699,103.000000
session_synthetic_000080_round_000005,synthetic_000080,5,12711.867595,4319,487,135,421.000000
session_synthetic_000081_round_000000,synthetic_000081,0,12896.321424,0,683,126,696.000000
session_synthetic_000081_round_000001,synthetic_000081,1,12896.321424,809,394,103,252.000000
session_synthetic_000081_round_000002,synthetic_000081,2,12896.321424,1306,3323,228,86.000000
session_synthetic_000081_round_000003,synthetic_000081,3,12896.321424,4857,310,206,124.000000
session_synthetic_000082_round_000000,synthetic_000082,0,13053.360592,0,190,116,225.000000
session_synthetic_000082_round_000001,synthetic_000082,1,13053.360592,306,374,78,243.000000
session_synthetic_000082_round_000002,synthetic_000082,2,13053.360592,758,1380,79,778.000000
session_synthetic_000082_round_000003,synthetic_000082,3,13053.360592,2217,782,364,154.000000
session_synthetic_000082_round_000004,synthetic_000082,4,13053.360592,3363,522,117,119.000000
session_synthetic_000082_round_000005,synthetic_000082,5,13053.360592,4002,1102,172,126.000000
session_synthetic_000082_round_000006,synthetic_000082,6,13053.360592,5276,309,251,117.000000
session_synthetic_000083_round_000000,synthetic_000083,0,13145.508661,0,492,86,141.000000
session_synthetic_000083_round_000001,synthetic_000083,1,13145.508661,578,818,321,699.000000
session_synthetic_000083_round_000002,synthetic_000083,2,13145.508661,1717,429,236,269.000000
session_synthetic_000083_round_000003,synthetic_000083,3,13145.508661,2382,442,324,224.000000
session_synthetic_000084_round_000000,synthetic_000084,0,13277.764981,0,835,238,164.000000
session_synthetic_000084_round_000001,synthetic_000084,1,13277.764981,1073,356,365,394.000000
session_synthetic_000084_round_000002,synthetic_000084,2,13277.764981,1794,235,75,226.000000
session_synthetic_000084_round_000003,synthetic_000084,3,13277.764981,2104,976,101,127.000000
session_synthetic_000084_round_000004,synthetic_000084,4,13277.764981,3181,976,422,181.000000
session_synthetic_000085_round_000000,synthetic_000085,0,13492.980466,0,592,104,373.000000
session_synthetic_000085_round_000001,synthetic_000085,1,13492.980466,696,595,195,837.000000
session_synthetic_000085_round_000002,synthetic_000085,2,13492.980466,1486,171,127,80.000000
session_synthetic_000086_round_000000,synthetic_000086,0,13604.872343,0,901,76,236.000000
session_synthetic_000086_round_000001,synthetic_000086,1,13604.872343,977,236,268,420.000000
session_synthetic_000086_round_000002,synthetic_000086,2,13604.872343,1481,212,264,219.000000
session_synthetic_000086_round_000003,synthetic_000086,3,13604.872343,1957,496,84,193.000000
session_synthetic_000087_round_000000,synthetic_000087,0,13727.867616,0,247,275,87.000000
session_synthetic_000087_round_000001,synthetic_000087,1,13727.867616,522,1057,160,632.000000
session_synthetic_000087_round_000002,synthetic_000087,2,13727.867616,1739,894,90,853.000000
session_synthetic_000087_round_000003,synthetic_000087,3,13727.867616,2723,736,173,386.000000
session_synthetic_000087_round_000004,synthetic_000087,4,13727.867616,3632,559,78,144.000000
session_synthetic_000087_round_000005,synthetic_000087,5,13727.867616,4269,260,218,207.000000
session_synthetic_000087_round_000006,synthetic_000087,6,13727.867616,4747,909,137,64.000000
session_synthetic_000087_round_000007,synthetic_000087,7,13727.867616,5793,353,196,109.000000
session_synthetic_000088_round_000000,synthetic_000088,0,13773.132155,0,508,125,399.000000
session_synthetic_000088_round_000001,synthetic_000088,1,13773.132155,633,494,102,557.000000
session_synthetic_000088_round_000002,synthetic_000088,2,13773.132155,1229,192,220,148.000000
session_synthetic_000088_round_000003,synthetic_000088,3,13773.132155,1641,470,306,254.000000
session_synthetic_000089_round_000000,synthetic_000089,0,14236.367192,0,249,337,150.000000
session_synthetic_000089_round_000001,synthetic_000089,1,14236.367192,586,523,164,377.000000
session_synthetic_000089_round_000002,synthetic_000089,2,14236.367192,1273,464,195,611.000000
session_synthetic_000089_round_000003,synthetic_000089,3,14236.367192,1932,499,181,565.000000
session_synthetic_000090_round_000000,synthetic_000090,0,14353.275972,0,737,59,88.000000
session_synthetic_000090_round_000001,synthetic_000090,1,14353.275972,796,615,77,271.000000
session_synthetic_000090_round_000002,synthetic_000090,2,14353.275972,1488,425,142,416.000000
session_synthetic_000090_round_000003,synthetic_000090,3,14353.275972,2055,202,203,325.000000
session_synthetic_000090_round_000004,synthetic_000090,4,14353.275972,2460,401,255,160.000000
session_synthetic_000091_round_000000,synthetic_000091,0,14660.743607,0,2063,81,290.000000
session_synthetic_000091_round_000001,synthetic_000091,1,14660.743607,2144,445,283,302.000000
session_synthetic_000091_round_000002,synthetic_000091,2,14660.743607,2872,209,605,117.000000
session_synthetic_000091_round_000003,synthetic_000091,3,14660.743607,3686,449,99,264.000000
session_synthetic_000091_round_000004,synthetic_000091,4,14660.743607,4234,1039,67,240.000000
session_synthetic_000091_round_000005,synthetic_000091,5,14660.743607,5340,203,233,502.000000
session_synthetic_000091_round_000006,synthetic_000091,6,14660.743607,5776,567,208,162.000000
session_synthetic_000091_round_000007,synthetic_000091,7,14660.743607,6551,862,188,238.000000
session_synthetic_000091_round_000008,synthetic_000091,8,14660.743607,7601,325,148,429.000000
session_synthetic_000092_round_000000,synthetic_000092,0,14725.406221,0,299,113,352.000000
session_synthetic_000092_round_000001,synthetic_000092,1,14725.406221,412,396,149,218.000000
session_synthetic_000092_round_000002,synthetic_000092,2,14725.406221,957,427,271,267.000000
session_synthetic_000092_round_000003,synthetic_000092,3,14725.406221,1655,386,57,251.000000
session_synthetic_000092_round_000004,synthetic_000092,4,14725.406221,2098,635,164,225.000000
session_synthetic_000092_round_000005,synthetic_000092,5,14725.406221,2897,270,90,279.000000
session_synthetic_000093_round_000000,synthetic_000093,0,14891.687818,0,1167,226,109.000000
session_synthetic_000093_round_000001,synthetic_000093,1,14891.687818,1393,293,105,239.000000
session_synthetic_000093_round_000002,synthetic_000093,2,14891.687818,1791,131,125,241.000000
session_synthetic_000093_round_000003,synthetic_000093,3,14891.687818,2047,345,124,576.000000
session_synthetic_000093_round_000004,synthetic_000093,4,14891.687818,2516,449,389,101.000000
session_synthetic_000093_round_000005,synthetic_000093,5,14891.687818,3354,1021,289,463.000000
session_synthetic_000094_round_000000,synthetic_000094,0,15192.295388,0,632,155,167.000000
session_synthetic_000094_round_000001,synthetic_000094,1,15192.295388,787,611,137,246.000000
session_synthetic_000094_round_000002,synthetic_000094,2,15192.295388,1535,596,229,219.000000
session_synthetic_000094_round_000003,synthetic_000094,3,15192.295388,2360,137,364,300.000000
session_synthetic_000094_round_000004,synthetic_000094,4,15192.295388,2861,325,392,121.000000
session_synthetic_000094_round_000005,synthetic_000094,5,15192.295388,3578,1769,80,232.000000
session_synthetic_000094_round_000006,synthetic_000094,6,15192.295388,5427,844,333,179.000000
session_synthetic_000094_round_000007,synthetic_000094,7,15192.295388,6604,171,171,276.000000
session_synthetic_000095_round_000000,synthetic_000095,0,15196.742759,0,398,246,1097.000000
session_synthetic_000095_round_000001,synthetic_000095,1,15196.742759,644,82,141,185.000000
session_synthetic_000095_round_000002,synthetic_000095,2,15196.742759,867,657,124,408.000000
session_synthetic_000096_round_000000,synthetic_000096,0,15242.036357,0,1426,231,302.000000
session_synthetic_000096_round_000001,synthetic_000096,1,15242.036357,1657,345,386,614.000000
session_synthetic_000096_round_000002,synthetic_000096,2,15242.036357,2388,267,129,402.000000
session_synthetic_000096_round_000003,synthetic_000096,3,15242.036357,2784,476,139,425.000000
session_synthetic_000096_round_000004,synthetic_000096,4,15242.036357,3399,511,77,350.000000
session_synthetic_000096_round_000005,synthetic_000096,5,15242.036357,3987,681,151,697.000000
session_synthetic_000096_round_000006,synthetic_000096,6,15242.036357,4819,882,315,422.000000
session_synthetic_000097_round_000000,synthetic_000097,0,15282.660736,0,987,265,1020.000000
session_synthetic_000097_round_000001,synthetic_000097,1,15282.660736,1252,1000,168,102.000000
session_synthetic_000097_round_000002,synthetic_000097,2,15282.660736,2420,1125,101,121.000000
session_synthetic_000097_round_000003,synthetic_000097,3,15282.660736,3646,461,228,91.000000
session_synthetic_000097_round_000004,synthetic_000097,4,15282.660736,4335,614,294,267.000000
session_synthetic_000097_round_000005,synthetic_000097,5,15282.660736,5243,449,180,291.000000
session_synthetic_000097_round_000006,synthetic_000097,6,15282.660736,5872,584,193,224.000000
session_synthetic_000097_round_000007,synthetic_000097,7,15282.660736,6649,287,201,234.000000
session_synthetic_000097_round_000008,synthetic_000097,8,15282.660736,7137,1231,80,104.000000
session_synthetic_000098_round_000000,synthetic_000098,0,15499.083507,0,1063,239,161.000000
session_synthetic_000098_round_000001,synthetic_000098,1,15499.083507,1302,552,160,262.000000
session_synthetic_000098_round_000002,synthetic_000098,2,15499.083507,2014,132,126,363.000000
session_synthetic_000098_round_000003,synthetic_000098,3,15499.083507,2272,710,210,474.000000
session_synthetic_000098_round_000004,synthetic_000098,4,15499.083507,3192,1109,187,193.000000
session_synthetic_000098_round_000005,synthetic_000098,5,15499.083507,4488,2248,233,442.000000
session_synthetic_000098_round_000006,synthetic_000098,6,15499.083507,6969,845,180,293.000000
session_synthetic_000098_round_000007,synthetic_000098,7,15499.083507,7994,607,305,446.000000
session_synthetic_000099_round_000000,synthetic_000099,0,15506.842311,0,572,192,236.000000
session_synthetic_000099_round_000001,synthetic_000099,1,15506.842311,764,235,296,109.000000
session_synthetic_000099_round_000002,synthetic_000099,2,15506.842311,1295,1425,164,287.000000
session_synthetic_000099_round_000003,synthetic_000099,3,15506.842311,2884,469,281,337.000000
session_synthetic_000099_round_000004,synthetic_000099,4,15506.842311,3634,589,355,394.000000
session_synthetic_000100_round_000000,synthetic_000100,0,16082.385110,0,896,211,142.000000
session_synthetic_000100_round_000001,synthetic_000100,1,16082.385110,1107,516,80,137.000000
session_synthetic_000100_round_000002,synthetic_000100,2,16082.385110,1703,1387,370,186.000000
session_synthetic_000100_round_000003,synthetic_000100,3,16082.385110,3460,1291,247,155.000000
session_synthetic_000100_round_000004,synthetic_000100,4,16082.385110,4998,1312,126,546.000000
session_synthetic_000101_round_000000,synthetic_000101,0,16621.751623,0,122,244,75.000000
session_synthetic_000101_round_000001,synthetic_000101,1,16621.751623,366,1131,185,225.000000
session_synthetic_000101_round_000002,synthetic_000101,2,16621.751623,1682,813,104,294.000000
session_synthetic_000101_round_000003,synthetic_000101,3,16621.751623,2599,190,175,152.000000
session_synthetic_000101_round_000004,synthetic_000101,4,16621.751623,2964,405,175,316.000000
session_synthetic_000101_round_000005,synthetic_000101,5,16621.751623,3544,955,282,292.000000
session_synthetic_000101_round_000006,synthetic_000101,6,16621.751623,4781,1114,172,322.000000
session_synthetic_000101_round_000007,synthetic_000101,7,16621.751623,6067,251,272,195.000000
session_synthetic_000102_round_000000,synthetic_000102,0,16632.946234,0,161,161,160.000000
session_synthetic_000102_round_000001,synthetic_000102,1,16632.946234,322,2402,367,701.000000
session_synthetic_000102_round_000002,synthetic_000102,2,16632.946234,3091,708,192,639.000000
session_synthetic_000102_round_000003,synthetic_000102,3,16632.946234,3991,958,159,314.000000
session_synthetic_000102_round_000004,synthetic_000102,4,16632.946234,5108,345,180,149.000000
session_synthetic_000102_round_000005,synthetic_000102,5,16632.946234,5633,384,136,300.000000
session_synthetic_000102_round_000006,synthetic_000102,6,16632.946234,6153,2283,268,661.000000
session_synthetic_000103_round_000000,synthetic_000103,0,16649.639688,0,2743,134,320.000000
session_synthetic_000103_round_000001,synthetic_000103,1,16649.639688,2877,365,358,263.000000
session_synthetic_000103_round_000002,synthetic_000103,2,16649.639688,3600,397,56,200.000000
session_synthetic_000104_round_000000,synthetic_000104,0,17165.722096,0,368,207,399.000000
session_synthetic_000104_round_000001,synthetic_000104,1,17165.722096,575,424,150,311.000000
session_synthetic_000104_round_000002,synthetic_000104,2,17165.722096,1149,1504,97,503.000000
session_synthetic_000104_round_000003,synthetic_000104,3,17165.722096,2750,399,151,393.000000
session_synthetic_000104_round_000004,synthetic_000104,4,17165.722096,3300,220,288,328.000000
session_synthetic_000104_round_000005,synthetic_000104,5,17165.722096,3808,496,385,291.000000
session_synthetic_000105_round_000000,synthetic_000105,0,17531.120431,0,536,267,218.000000
session_synthetic_000105_round_000001,synthetic_000105,1,17531.120431,803,896,139,431.000000
session_synthetic_000105_round_000002,synthetic_000105,2,17531.120431,1838,220,115,1143.000000
session_synthetic_000106_round_000000,synthetic_000106,0,17640.854485,0,204,128,351.000000
session_synthetic_000106_round_000001,synthetic_000106,1,17640.854485,332,563,125,222.000000
session_synthetic_000106_round_000002,synthetic_000106,2,17640.854485,1020,205,277,258.000000
session_synthetic_000106_round_000003,synthetic_000106,3,17640.854485,1502,1035,131,235.000000
session_synthetic_000106_round_000004,synthetic_000106,4,17640.854485,2668,822,134,1051.000000
session_synthetic_000106_round_000005,synthetic_000106,5,17640.854485,3624,427,282,135.000000
session_synthetic_000106_round_000006,synthetic_000106,6,17640.854485,4333,467,235,263.000000
session_synthetic_000106_round_000007,synthetic_000106,7,17640.854485,5035,348,172,337.000000
session_synthetic_000107_round_000000,synthetic_000107,0,17993.679839,0,1156,190,568.000000
session_synthetic_000107_round_000001,synthetic_000107,1,17993.679839,1346,1120,87,494.000000
session_synthetic_000107_round_000002,synthetic_000107,2,17993.679839,2553,220,83,536.000000
session_synthetic_000107_round_000003,synthetic_000107,3,17993.679839,2856,946,144,416.000000
session_synthetic_000107_round_000004,synthetic_000107,4,17993.679839,3946,257,204,441.000000
session_synthetic_000108_round_000000,synthetic_000108,0,18042.028693,0,782,208,319.000000
session_synthetic_000108_round_000001,synthetic_000108,1,18042.028693,990,309,132,495.000000
session_synthetic_000108_round_000002,synthetic_000108,2,18042.028693,1431,1450,138,325.000000
session_synthetic_000108_round_000003,synthetic_000108,3,18042.028693,3019,908,446,251.000000
session_synthetic_000108_round_000004,synthetic_000108,4,18042.028693,4373,2650,200,1056.000000
session_synthetic_000108_round_000005,synthetic_000108,5,18042.028693,7223,1851,311,584.000000
session_synthetic_000108_round_000006,synthetic_000108,6,18042.028693,9385,605,220,205.000000
session_synthetic_000109_round_000000,synthetic_000109,0,18447.659867,0,207,256,417.000000
session_synthetic_000109_round_000001,synthetic_000109,1,18447.659867,463,262,415,276.000000
session_synthetic_000109_round_000002,synthetic_000109,2,18447.659867,1140,622,88,710.000000
session_synthetic_000109_round_000003,synthetic_000109,3,18447.659867,1850,162,128,111.000000
session_synthetic_000109_round_000004,synthetic_000109,4,18447.659867,2140,853,141,101.000000
session_synthetic_000109_round_000005,synthetic_000109,5,18447.659867,3134,498,278,1147.000000
session_synthetic_000110_round_000000,synthetic_000110,0,19137.082027,0,536,305,438.000000
session_synthetic_000110_round_000001,synthetic_000110,1,19137.082027,841,658,96,178.000000
session_synthetic_000110_round_000002,synthetic_000110,2,19137.082027,1595,84,411,260.000000
session_synthetic_000110_round_000003,synthetic_000110,3,19137.082027,2090,533,242,488.000000
session_synthetic_000110_round_000004,synthetic_000110,4,19137.082027,2865,353,156,158.000000
session_synthetic_000110_round_000005,synthetic_000110,5,19137.082027,3374,277,246,268.000000
session_synthetic_000110_round_000006,synthetic_000110,6,19137.082027,3897,730,174,324.000000
session_synthetic_000111_round_000000,synthetic_000111,0,19184.313090,0,361,315,428.000000
session_synthetic_000111_round_000001,synthetic_000111,1,19184.313090,676,176,88,175.000000
session_synthetic_000111_round_000002,synthetic_000111,2,19184.313090,940,467,49,204.000000
session_synthetic_000111_round_000003,synthetic_000111,3,19184.313090,1456,341,114,117.000000
session_synthetic_000111_round_000004,synthetic_000111,4,19184.313090,1911,155,261,240.000000
session_synthetic_000111_round_000005,synthetic_000111,5,19184.313090,2327,348,154,315.000000
session_synthetic_000111_round_000006,synthetic_000111,6,19184.313090,2829,950,103,495.000000
session_synthetic_000111_round_000007,synthetic_000111,7,19184.313090,3882,304,242,715.000000
session_synthetic_000111_round_000008,synthetic_000111,8,19184.313090,4428,391,126,228.000000
session_synthetic_000112_round_000000,synthetic_000112,0,19286.236916,0,872,227,433.000000
session_synthetic_000112_round_000001,synthetic_000112,1,19286.236916,1099,333,107,391.000000
session_synthetic_000112_round_000002,synthetic_000112,2,19286.236916,1539,282,75,279.000000
session_synthetic_000112_round_000003,synthetic_000112,3,19286.236916,1896,378,128,280.000000
session_synthetic_000112_round_000004,synthetic_000112,4,19286.236916,2402,972,350,159.000000
session_synthetic_000112_round_000005,synthetic_000112,5,19286.236916,3724,750,227,248.000000
session_synthetic_000112_round_000006,synthetic_000112,6,19286.236916,4701,1289,191,123.000000
session_synthetic_000113_round_000000,synthetic_000113,0,19324.920803,0,146,126,632.000000
session_synthetic_000113_round_000001,synthetic_000113,1,19324.920803,272,720,210,409.000000
session_synthetic_000113_round_000002,synthetic_000113,2,19324.920803,1202,191,200,99.000000
session_synthetic_000113_round_000003,synthetic_000113,3,19324.920803,1593,837,141,495.000000
session_synthetic_000114_round_000000,synthetic_000114,0,19415.391399,0,260,108,297.000000
session_synthetic_000114_round_000001,synthetic_000114,1,19415.391399,368,611,107,265.000000
session_synthetic_000114_round_000002,synthetic_000114,2,19415.391399,1086,367,99,262.000000
session_synthetic_000114_round_000003,synthetic_000114,3,19415.391399,1552,587,309,246.000000
session_synthetic_000114_round_000004,synthetic_000114,4,19415.391399,2448,383,166,174.000000
session_synthetic_000114_round_000005,synthetic_000114,5,19415.391399,2997,997,230,337.000000
session_synthetic_000114_round_000006,synthetic_000114,6,19415.391399,4224,254,125,102.000000
session_synthetic_000114_round_000007,synthetic_000114,7,19415.391399,4603,2844,95,223.000000
session_synthetic_000115_round_000000,synthetic_000115,0,19822.211402,0,640,238,511.000000
session_synthetic_000115_round_000001,synthetic_000115,1,19822.211402,878,269,155,904.000000
session_synthetic_000115_round_000002,synthetic_000115,2,19822.211402,1302,610,161,379.000000
session_synthetic_000115_round_000003,synthetic_000115,3,19822.211402,2073,678,181,337.000000
session_synthetic_000115_round_000004,synthetic_000115,4,19822.211402,2932,866,86,407.000000
session_synthetic_000115_round_000005,synthetic_000115,5,19822.211402,3884,798,401,305.000000
session_synthetic_000115_round_000006,synthetic_000115,6,19822.211402,5083,1224,171,356.000000
session_synthetic_000116_round_000000,synthetic_000116,0,19974.781917,0,422,338,259.000000
session_synthetic_000116_round_000001,synthetic_000116,1,19974.781917,760,198,96,427.000000
session_synthetic_000116_round_000002,synthetic_000116,2,19974.781917,1054,694,65,360.000000
session_synthetic_000116_round_000003,synthetic_000116,3,19974.781917,1813,243,318,177.000000
session_synthetic_000116_round_000004,synthetic_000116,4,19974.781917,2374,131,240,177.000000
session_synthetic_000117_round_000000,synthetic_000117,0,20086.588270,0,1307,136,283.000000
session_synthetic_000117_round_000001,synthetic_000117,1,20086.588270,1443,425,325,155.000000
session_synthetic_000117_round_000002,synthetic_000117,2,20086.588270,2193,898,165,220.000000
session_synthetic_000117_round_000003,synthetic_000117,3,20086.588270,3256,2221,269,239.000000
session_synthetic_000117_round_000004,synthetic_000117,4,20086.588270,5746,455,193,171.000000
session_synthetic_000117_round_000005,synthetic_000117,5,20086.588270,6394,851,261,458.000000
session_synthetic_000117_round_000006,synthetic_000117,6,20086.588270,7506,119,181,445.000000
session_synthetic_000117_round_000007,synthetic_000117,7,20086.588270,7806,515,336,405.000000
session_synthetic_000118_round_000000,synthetic_000118,0,20678.582395,0,1233,202,94.000000
session_synthetic_000118_round_000001,synthetic_000118,1,20678.582395,1435,140,81,496.000000
session_synthetic_000118_round_000002,synthetic_000118,2,20678.582395,1656,2005,219,985.000000
session_synthetic_000118_round_000003,synthetic_000118,3,20678.582395,3880,258,139,90.000000
session_synthetic_000118_round_000004,synthetic_000118,4,20678.582395,4277,2910,215,421.000000
session_synthetic_000119_round_000000,synthetic_000119,0,20723.414860,0,610,214,444.000000
session_synthetic_000119_round_000001,synthetic_000119,1,20723.414860,824,367,187,528.000000
session_synthetic_000119_round_000002,synthetic_000119,2,20723.414860,1378,532,176,438.000000
session_synthetic_000119_round_000003,synthetic_000119,3,20723.414860,2086,606,214,328.000000
session_synthetic_000119_round_000004,synthetic_000119,4,20723.414860,2906,305,101,131.000000
session_synthetic_000119_round_000005,synthetic_000119,5,20723.414860,3312,240,191,167.000000
session_synthetic_000119_round_000006,synthetic_000119,6,20723.414860,3743,424,102,535.000000
session_synthetic_000120_round_000000,synthetic_000120,0,20759.898793,0,657,123,101.000000
session_synthetic_000120_round_000001,synthetic_000120,1,20759.898793,780,479,231,76.000000
session_synthetic_000120_round_000002,synthetic_000120,2,20759.898793,1490,439,97,120.000000
session_synthetic_000120_round_000003,synthetic_000120,3,20759.898793,2026,2276,155,327.000000
session_synthetic_000121_round_000000,synthetic_000121,0,21081.231759,0,925,197,1948.000000
session_synthetic_000121_round_000001,synthetic_000121,1,21081.231759,1122,402,126,122.000000
session_synthetic_000121_round_000002,synthetic_000121,2,21081.231759,1650,1477,170,369.000000
session_synthetic_000121_round_000003,synthetic_000121,3,21081.231759,3297,669,258,273.000000
session_synthetic_000121_round_000004,synthetic_000121,4,21081.231759,4224,511,249,574.000000
session_synthetic_000121_round_000005,synthetic_000121,5,21081.231759,4984,536,220,156.000000
session_synthetic_000122_round_000000,synthetic_000122,0,21127.770769,0,257,127,369.000000
session_synthetic_000122_round_000001,synthetic_000122,1,21127.770769,384,1673,148,143.000000
session_synthetic_000122_round_000002,synthetic_000122,2,21127.770769,2205,808,221,105.000000
session_synthetic_000122_round_000003,synthetic_000122,3,21127.770769,3234,298,131,197.000000
session_synthetic_000123_round_000000,synthetic_000123,0,21311.635403,0,259,414,268.000000
session_synthetic_000123_round_000001,synthetic_000123,1,21311.635403,673,456,171,204.000000
session_synthetic_000123_round_000002,synthetic_000123,2,21311.635403,1300,697,139,125.000000
session_synthetic_000123_round_000003,synthetic_000123,3,21311.635403,2136,525,136,84.000000
session_synthetic_000123_round_000004,synthetic_000123,4,21311.635403,2797,1280,206,842.000000
session_synthetic_000123_round_000005,synthetic_000123,5,21311.635403,4283,795,186,281.000000
session_synthetic_000123_round_000006,synthetic_000123,6,21311.635403,5264,576,126,1446.000000
session_synthetic_000123_round_000007,synthetic_000123,7,21311.635403,5966,362,218,312.000000
session_synthetic_000124_round_000000,synthetic_000124,0,21904.066246,0,358,257,525.000000
session_synthetic_000124_round_000001,synthetic_000124,1,21904.066246,615,259,187,401.000000
session_synthetic_000124_round_000002,synthetic_000124,2,21904.066246,1061,476,254,215.000000
session_synthetic_000125_round_000000,synthetic_000125,0,21925.981471,0,193,320,86.000000
session_synthetic_000125_round_000001,synthetic_000125,1,21925.981471,513,390,126,64.000000
session_synthetic_000125_round_000002,synthetic_000125,2,21925.981471,1029,585,83,481.000000
session_synthetic_000125_round_000003,synthetic_000125,3,21925.981471,1697,293,171,524.000000
session_synthetic_000125_round_000004,synthetic_000125,4,21925.981471,2161,233,346,337.000000
session_synthetic_000125_round_000005,synthetic_000125,5,21925.981471,2740,262,163,194.000000
session_synthetic_000126_round_000000,synthetic_000126,0,22728.162256,0,544,152,123.000000
session_synthetic_000126_round_000001,synthetic_000126,1,22728.162256,696,457,149,157.000000
session_synthetic_000126_round_000002,synthetic_000126,2,22728.162256,1302,1237,162,113.000000
session_synthetic_000126_round_000003,synthetic_000126,3,22728.162256,2701,1330,337,196.000000
session_synthetic_000126_round_000004,synthetic_000126,4,22728.162256,4368,511,269,208.000000
session_synthetic_000127_round_000000,synthetic_000127,0,23188.138256,0,1085,129,179.000000
session_synthetic_000127_round_000001,synthetic_000127,1,23188.138256,1214,356,442,372.000000
session_synthetic_000127_round_000002,synthetic_000127,2,23188.138256,2012,380,130,230.000000
session_synthetic_000128_round_000000,synthetic_000128,0,23468.737216,0,391,243,301.000000
session_synthetic_000128_round_000001,synthetic_000128,1,23468.737216,634,532,232,149.000000
session_synthetic_000128_round_000002,synthetic_000128,2,23468.737216,1398,1022,104,187.000000
session_synthetic_000128_round_000003,synthetic_000128,3,23468.737216,2524,172,210,408.000000
session_synthetic_000128_round_000004,synthetic_000128,4,23468.737216,2906,328,140,277.000000
session_synthetic_000128_round_000005,synthetic_000128,5,23468.737216,3374,257,87,290.000000
session_synthetic_000129_round_000000,synthetic_000129,0,23605.662695,0,247,224,492.000000
session_synthetic_000129_round_000001,synthetic_000129,1,23605.662695,471,705,156,497.000000
session_synthetic_000129_round_000002,synthetic_000129,2,23605.662695,1332,2739,220,330.000000
session_synthetic_000129_round_000003,synthetic_000129,3,23605.662695,4291,348,318,296.000000
session_synthetic_000129_round_000004,synthetic_000129,4,23605.662695,4957,1082,164,132.000000
session_synthetic_000129_round_000005,synthetic_000129,5,23605.662695,6203,472,250,373.000000
session_synthetic_000130_round_000000,synthetic_000130,0,23730.498292,0,756,182,405.000000
session_synthetic_000130_round_000001,synthetic_000130,1,23730.498292,938,1659,171,583.000000
session_synthetic_000130_round_000002,synthetic_000130,2,23730.498292,2768,719,257,370.000000
session_synthetic_000130_round_000003,synthetic_000130,3,23730.498292,3744,269,295,139.000000
session_synthetic_000131_round_000000,synthetic_000131,0,23797.196792,0,312,222,384.000000
session_synthetic_000131_round_000001,synthetic_000131,1,23797.196792,534,278,146,648.000000
session_synthetic_000131_round_000002,synthetic_000131,2,23797.196792,958,148,179,206.000000
session_synthetic_000131_round_000003,synthetic_000131,3,23797.196792,1285,721,156,323.000000
session_synthetic_000131_round_000004,synthetic_000131,4,23797.196792,2162,537,88,653.000000
session_synthetic_000131_round_000005,synthetic_000131,5,23797.196792,2787,440,75,240.000000
session_synthetic_000132_round_000000,synthetic_000132,0,24014.654968,0,322,137,1043.000000
session_synthetic_000132_round_000001,synthetic_000132,1,24014.654968,459,679,145,257.000000
session_synthetic_000132_round_000002,synthetic_000132,2,24014.654968,1283,384,100,809.000000
session_synthetic_000132_round_000003,synthetic_000132,3,24014.654968,1767,282,256,334.000000
session_synthetic_000132_round_000004,synthetic_000132,4,24014.654968,2305,378,145,695.000000
session_synthetic_000132_round_000005,synthetic_000132,5,24014.654968,2828,540,77,85.000000
session_synthetic_000132_round_000006,synthetic_000132,6,24014.654968,3445,769,100,479.000000
session_synthetic_000132_round_000007,synthetic_000132,7,24014.654968,4314,206,104,236.000000
session_synthetic_000133_round_000000,synthetic_000133,0,24347.540976,0,420,111,123.000000
session_synthetic_000133_round_000001,synthetic_000133,1,24347.540976,531,1454,131,322.000000
session_synthetic_000133_round_000002,synthetic_000133,2,24347.540976,2116,159,137,460.000000
session_synthetic_000133_round_000003,synthetic_000133,3,24347.540976,2412,564,347,413.000000
session_synthetic_000133_round_000004,synthetic_000133,4,24347.540976,3323,1404,102,335.000000
session_synthetic_000133_round_000005,synthetic_000133,5,24347.540976,4829,517,112,104.000000
session_synthetic_000134_round_000000,synthetic_000134,0,24414.438457,0,660,134,230.000000
session_synthetic_000134_round_000001,synthetic_000134,1,24414.438457,794,1309,102,238.000000
session_synthetic_000134_round_000002,synthetic_000134,2,24414.438457,2205,525,89,324.000000
session_synthetic_000134_round_000003,synthetic_000134,3,24414.438457,2819,552,292,378.000000
session_synthetic_000134_round_000004,synthetic_000134,4,24414.438457,3663,368,187,188.000000
session_synthetic_000135_round_000000,synthetic_000135,0,24658.890724,0,720,242,340.000000
session_synthetic_000135_round_000001,synthetic_000135,1,24658.890724,962,363,199,280.000000
session_synthetic_000135_round_000002,synthetic_000135,2,24658.890724,1524,451,123,685.000000
session_synthetic_000135_round_000003,synthetic_000135,3,24658.890724,2098,454,164,466.000000
session_synthetic_000135_round_000004,synthetic_000135,4,24658.890724,2716,333,79,107.000000
session_synthetic_000135_round_000005,synthetic_000135,5,24658.890724,3128,1958,137,218.000000
session_synthetic_000135_round_000006,synthetic_000135,6,24658.890724,5223,456,101,233.000000
session_synthetic_000135_round_000007,synthetic_000135,7,24658.890724,5780,1538,337,154.000000
session_synthetic_000135_round_000008,synthetic_000135,8,24658.890724,7655,248,135,221.000000
session_synthetic_000136_round_000000,synthetic_000136,0,24697.044497,0,897,200,314.000000
session_synthetic_000136_round_000001,synthetic_000136,1,24697.044497,1097,659,138,123.000000
session_synthetic_000136_round_000002,synthetic_000136,2,24697.044497,1894,936,226,186.000000
session_synthetic_000137_round_000000,synthetic_000137,0,24901.142386,0,251,152,226.000000
session_synthetic_000137_round_000001,synthetic_000137,1,24901.142386,403,2002,217,176.000000
session_synthetic_000137_round_000002,synthetic_000137,2,24901.142386,2622,1365,112,176.000000
session_synthetic_000137_round_000003,synthetic_000137,3,24901.142386,4099,824,88,101.000000
session_synthetic_000137_round_000004,synthetic_000137,4,24901.142386,5011,1182,363,260.000000
session_synthetic_000138_round_000000,synthetic_000138,0,25477.489518,0,624,242,173.000000
session_synthetic_000138_round_000001,synthetic_000138,1,25477.489518,866,649,195,174.000000
session_synthetic_000138_round_000002,synthetic_000138,2,25477.489518,1710,1056,89,245.000000
session_synthetic_000138_round_000003,synthetic_000138,3,25477.489518,2855,1144,481,570.000000
session_synthetic_000139_round_000000,synthetic_000139,0,25506.771566,0,713,157,250.000000
session_synthetic_000139_round_000001,synthetic_000139,1,25506.771566,870,702,246,265.000000
session_synthetic_000139_round_000002,synthetic_000139,2,25506.771566,1818,292,87,381.000000
session_synthetic_000139_round_000003,synthetic_000139,3,25506.771566,2197,488,338,274.000000
session_synthetic_000139_round_000004,synthetic_000139,4,25506.771566,3023,413,212,344.000000
session_synthetic_000139_round_000005,synthetic_000139,5,25506.771566,3648,1531,204,1018.000000
session_synthetic_000139_round_000006,synthetic_000139,6,25506.771566,5383,1354,146,288.000000
session_synthetic_000140_round_000000,synthetic_000140,0,25790.004278,0,188,70,375.000000
session_synthetic_000140_round_000001,synthetic_000140,1,25790.004278,258,412,383,133.000000
session_synthetic_000140_round_000002,synthetic_000140,2,25790.004278,1053,1367,250,115.000000
session_synthetic_000140_round_000003,synthetic_000140,3,25790.004278,2670,218,286,614.000000
session_synthetic_000140_round_000004,synthetic_000140,4,25790.004278,3174,694,125,186.000000
session_synthetic_000140_round_000005,synthetic_000140,5,25790.004278,3993,939,159,727.000000
session_synthetic_000140_round_000006,synthetic_000140,6,25790.004278,5091,176,344,638.000000
session_synthetic_000140_round_000007,synthetic_000140,7,25790.004278,5611,1449,270,256.000000
session_synthetic_000141_round_000000,synthetic_000141,0,26072.344315,0,1232,97,158.000000
session_synthetic_000141_round_000001,synthetic_000141,1,26072.344315,1329,465,174,878.000000
session_synthetic_000141_round_000002,synthetic_000141,2,26072.344315,1968,340,217,330.000000
session_synthetic_000141_round_000003,synthetic_000141,3,26072.344315,2525,619,154,190.000000
session_synthetic_000142_round_000000,synthetic_000142,0,26090.377241,0,363,209,159.000000
session_synthetic_000142_round_000001,synthetic_000142,1,26090.377241,572,175,170,139.000000
session_synthetic_000142_round_000002,synthetic_000142,2,26090.377241,917,245,231,274.000000
session_synthetic_000142_round_000003,synthetic_000142,3,26090.377241,1393,162,226,147.000000
session_synthetic_000142_round_000004,synthetic_000142,4,26090.377241,1781,1827,234,338.000000
session_synthetic_000143_round_000000,synthetic_000143,0,26882.358767,0,117,144,252.000000
session_synthetic_000143_round_000001,synthetic_000143,1,26882.358767,261,299,364,93.000000
session_synthetic_000143_round_000002,synthetic_000143,2,26882.358767,924,586,347,739.000000
session_synthetic_000143_round_000003,synthetic_000143,3,26882.358767,1857,1010,147,156.000000
session_synthetic_000143_round_000004,synthetic_000143,4,26882.358767,3014,511,145,158.000000
session_synthetic_000143_round_000005,synthetic_000143,5,26882.358767,3670,1061,112,178.000000
session_synthetic_000144_round_000000,synthetic_000144,0,27203.182895,0,406,155,458.000000
session_synthetic_000144_round_000001,synthetic_000144,1,27203.182895,561,985,176,181.000000
session_synthetic_000144_round_000002,synthetic_000144,2,27203.182895,1722,697,111,144.000000
session_synthetic_000144_round_000003,synthetic_000144,3,27203.182895,2530,733,231,129.000000
session_synthetic_000145_round_000000,synthetic_000145,0,27390.103222,0,1018,248,195.000000
session_synthetic_000145_round_000001,synthetic_000145,1,27390.103222,1266,1366,275,440.000000
session_synthetic_000145_round_000002,synthetic_000145,2,27390.103222,2907,211,286,367.000000
session_synthetic_000145_round_000003,synthetic_000145,3,27390.103222,3404,454,81,486.000000
session_synthetic_000145_round_000004,synthetic_000145,4,27390.103222,3939,299,233,118.000000
session_synthetic_000145_round_000005,synthetic_000145,5,27390.103222,4471,1622,81,835.000000
session_synthetic_000145_round_000006,synthetic_000145,6,27390.103222,6174,678,230,183.000000
session_synthetic_000146_round_000000,synthetic_000146,0,27440.984506,0,736,159,248.000000
session_synthetic_000146_round_000001,synthetic_000146,1,27440.984506,895,261,229,185.000000
session_synthetic_000146_round_000002,synthetic_000146,2,27440.984506,1385,564,215,392.000000
session_synthetic_000146_round_000003,synthetic_000146,3,27440.984506,2164,988,370,204.000000
session_synthetic_000146_round_000004,synthetic_000146,4,27440.984506,3522,385,222,107.000000
session_synthetic_000146_round_000005,synthetic_000146,5,27440.984506,4129,516,380,855.000000
session_synthetic_000146_round_000006,synthetic_000146,6,27440.984506,5025,482,339,475.000000
session_synthetic_000146_round_000007,synthetic_000146,7,27440.984506,5846,331,365,255.000000
session_synthetic_000147_round_000000,synthetic_000147,0,27537.117437,0,239,242,246.000000
session_synthetic_000147_round_000001,synthetic_000147,1,27537.117437,481,552,263,225.000000
session_synthetic_000147_round_000002,synthetic_000147,2,27537.117437,1296,571,157,292.000000
session_synthetic_000147_round_000003,synthetic_000147,3,27537.117437,2024,629,167,107.000000
session_synthetic_000147_round_000004,synthetic_000147,4,27537.117437,2820,401,157,468.000000
session_synthetic_000147_round_000005,synthetic_000147,5,27537.117437,3378,932,158,538.000000
session_synthetic_000147_round_000006,synthetic_000147,6,27537.117437,4468,1036,150,171.000000
session_synthetic_000148_round_000000,synthetic_000148,0,27544.161944,0,331,290,201.000000
session_synthetic_000148_round_000001,synthetic_000148,1,27544.161944,621,235,299,148.000000
session_synthetic_000148_round_000002,synthetic_000148,2,27544.161944,1155,278,132,756.000000
session_synthetic_000148_round_000003,synthetic_000148,3,27544.161944,1565,1479,117,545.000000
session_synthetic_000148_round_000004,synthetic_000148,4,27544.161944,3161,1878,125,356.000000
session_synthetic_000149_round_000000,synthetic_000149,0,27570.419994,0,177,110,334.000000
session_synthetic_000149_round_000001,synthetic_000149,1,27570.419994,287,274,255,263.000000
session_synthetic_000149_round_000002,synthetic_000149,2,27570.419994,816,790,198,194.000000
session_synthetic_000149_round_000003,synthetic_000149,3,27570.419994,1804,850,82,574.000000
session_synthetic_000149_round_000004,synthetic_000149,4,27570.419994,2736,627,94,308.000000
session_synthetic_000149_round_000005,synthetic_000149,5,27570.419994,3457,555,397,993.000000
session_synthetic_000149_round_000006,synthetic_000149,6,27570.419994,4409,542,349,321.000000
session_synthetic_000149_round_000007,synthetic_000149,7,27570.419994,5300,431,131,218.000000
session_synthetic_000149_round_000008,synthetic_000149,8,27570.419994,5862,219,95,611.000000
session_synthetic_000150_round_000000,synthetic_000150,0,27936.838079,0,357,181,352.000000
session_synthetic_000150_round_000001,synthetic_000150,1,27936.838079,538,1677,145,123.000000
session_synthetic_000150_round_000002,synthetic_000150,2,27936.838079,2360,230,168,429.000000
session_synthetic_000150_round_000003,synthetic_000150,3,27936.838079,2758,1551,198,100.000000
session_synthetic_000150_round_000004,synthetic_000150,4,27936.838079,4507,4896,190,338.000000
session_synthetic_000150_round_000005,synthetic_000150,5,27936.838079,9593,701,133,320.000000
session_synthetic_000150_round_000006,synthetic_000150,6,27936.838079,10427,660,137,163.000000
session_synthetic_000150_round_000007,synthetic_000150,7,27936.838079,11224,611,348,233.000000
session_synthetic_000151_round_000000,synthetic_000151,0,27959.138275,0,1868,291,606.000000
session_synthetic_000151_round_000001,synthetic_000151,1,27959.138275,2159,568,79,153.000000
session_synthetic_000151_round_000002,synthetic_000151,2,27959.138275,2806,1085,198,658.000000
session_synthetic_000151_round_000003,synthetic_000151,3,27959.138275,4089,380,233,244.000000
session_synthetic_000152_round_000000,synthetic_000152,0,28270.747517,0,1115,138,223.000000
session_synthetic_000152_round_000001,synthetic_000152,1,28270.747517,1253,405,267,215.000000
session_synthetic_000152_round_000002,synthetic_000152,2,28270.747517,1925,567,90,294.000000
session_synthetic_000152_round_000003,synthetic_000152,3,28270.747517,2582,741,92,612.000000
session_synthetic_000152_round_000004,synthetic_000152,4,28270.747517,3415,600,142,550.000000
session_synthetic_000152_round_000005,synthetic_000152,5,28270.747517,4157,689,186,99.000000
session_synthetic_000152_round_000006,synthetic_000152,6,28270.747517,5032,796,126,204.000000
session_synthetic_000153_round_000000,synthetic_000153,0,28389.930127,0,1000,70,278.000000
session_synthetic_000153_round_000001,synthetic_000153,1,28389.930127,1070,575,119,245.000000
session_synthetic_000153_round_000002,synthetic_000153,2,28389.930127,1764,267,79,102.000000
session_synthetic_000154_round_000000,synthetic_000154,0,28660.818797,0,499,129,353.000000
session_synthetic_000154_round_000001,synthetic_000154,1,28660.818797,628,468,420,235.000000
session_synthetic_000154_round_000002,synthetic_000154,2,28660.818797,1516,660,157,144.000000
session_synthetic_000154_round_000003,synthetic_000154,3,28660.818797,2333,155,66,238.000000
session_synthetic_000154_round_000004,synthetic_000154,4,28660.818797,2554,164,197,159.000000
session_synthetic_000154_round_000005,synthetic_000154,5,28660.818797,2915,419,171,300.000000
session_synthetic_000155_round_000000,synthetic_000155,0,29159.258961,0,640,203,183.000000
session_synthetic_000155_round_000001,synthetic_000155,1,29159.258961,843,287,176,472.000000
session_synthetic_000155_round_000002,synthetic_000155,2,29159.258961,1306,1008,144,563.000000
session_synthetic_000155_round_000003,synthetic_000155,3,29159.258961,2458,728,151,234.000000
session_synthetic_000155_round_000004,synthetic_000155,4,29159.258961,3337,345,117,188.000000
session_synthetic_000155_round_000005,synthetic_000155,5,29159.258961,3799,334,268,846.000000
session_synthetic_000156_round_000000,synthetic_000156,0,29225.672763,0,475,162,477.000000
session_synthetic_000156_round_000001,synthetic_000156,1,29225.672763,637,822,125,156.000000
session_synthetic_000156_round_000002,synthetic_000156,2,29225.672763,1584,352,102,329.000000
session_synthetic_000157_round_000000,synthetic_000157,0,29388.118860,0,230,88,158.000000
session_synthetic_000157_round_000001,synthetic_000157,1,29388.118860,318,2372,163,277.000000
session_synthetic_000157_round_000002,synthetic_000157,2,29388.118860,2853,346,130,299.000000
session_synthetic_000157_round_000003,synthetic_000157,3,29388.118860,3329,709,94,401.000000
session_synthetic_000157_round_000004,synthetic_000157,4,29388.118860,4132,253,150,391.000000
session_synthetic_000157_round_000005,synthetic_000157,5,29388.118860,4535,1662,206,255.000000
session_synthetic_000157_round_000006,synthetic_000157,6,29388.118860,6403,396,164,388.000000
session_synthetic_000157_round_000007,synthetic_000157,7,29388.118860,6963,477,169,117.000000
session_synthetic_000158_round_000000,synthetic_000158,0,29460.235383,0,1032,301,322.000000
session_synthetic_000158_round_000001,synthetic_000158,1,29460.235383,1333,239,191,441.000000
session_synthetic_000158_round_000002,synthetic_000158,2,29460.235383,1763,2155,197,255.000000
session_synthetic_000158_round_000003,synthetic_000158,3,29460.235383,4115,112,154,131.000000
session_synthetic_000158_round_000004,synthetic_000158,4,29460.235383,4381,593,131,149.000000
session_synthetic_000158_round_000005,synthetic_000158,5,29460.235383,5105,1234,142,480.000000
session_synthetic_000158_round_000006,synthetic_000158,6,29460.235383,6481,600,146,368.000000
session_synthetic_000159_round_000000,synthetic_000159,0,29787.865333,0,338,220,144.000000
session_synthetic_000159_round_000001,synthetic_000159,1,29787.865333,558,827,138,412.000000
session_synthetic_000159_round_000002,synthetic_000159,2,29787.865333,1523,413,53,660.000000
session_synthetic_000160_round_000000,synthetic_000160,0,29808.392691,0,1179,137,280.000000
session_synthetic_000160_round_000001,synthetic_000160,1,29808.392691,1316,892,143,556.000000
session_synthetic_000160_round_000002,synthetic_000160,2,29808.392691,2351,242,236,495.000000
session_synthetic_000160_round_000003,synthetic_000160,3,29808.392691,2829,1017,267,273.000000
session_synthetic_000160_round_000004,synthetic_000160,4,29808.392691,4113,989,131,405.000000
session_synthetic_000160_round_000005,synthetic_000160,5,29808.392691,5233,1213,70,378.000000
session_synthetic_000161_round_000000,synthetic_000161,0,30038.273463,0,1064,179,162.000000
session_synthetic_000161_round_000001,synthetic_000161,1,30038.273463,1243,442,183,508.000000
session_synthetic_000161_round_000002,synthetic_000161,2,30038.273463,1868,1108,120,161.000000
session_synthetic_000161_round_000003,synthetic_000161,3,30038.273463,3096,481,324,482.000000
session_synthetic_000161_round_000004,synthetic_000161,4,30038.273463,3901,257,236,158.000000
session_synthetic_000161_round_000005,synthetic_000161,5,30038.273463,4394,307,239,833.000000
session_synthetic_000162_round_000000,synthetic_000162,0,30230.966655,0,687,86,183.000000
session_synthetic_000162_round_000001,synthetic_000162,1,30230.966655,773,433,203,211.000000
session_synthetic_000162_round_000002,synthetic_000162,2,30230.966655,1409,1952,271,506.000000
session_synthetic_000162_round_000003,synthetic_000162,3,30230.966655,3632,956,127,192.000000
session_synthetic_000162_round_000004,synthetic_000162,4,30230.966655,4715,692,229,326.000000
session_synthetic_000163_round_000000,synthetic_000163,0,30614.041522,0,1108,370,158.000000
session_synthetic_000163_round_000001,synthetic_000163,1,30614.041522,1478,384,205,151.000000
session_synthetic_000163_round_000002,synthetic_000163,2,30614.041522,2067,478,227,268.000000
session_synthetic_000163_round_000003,synthetic_000163,3,30614.041522,2772,501,129,415.000000
session_synthetic_000163_round_000004,synthetic_000163,4,30614.041522,3402,904,340,239.000000
session_synthetic_000163_round_000005,synthetic_000163,5,30614.041522,4646,310,74,1937.000000
session_synthetic_000163_round_000006,synthetic_000163,6,30614.041522,5030,506,195,683.000000
session_synthetic_000163_round_000007,synthetic_000163,7,30614.041522,5731,982,447,767.000000
session_synthetic_000163_round_000008,synthetic_000163,8,30614.041522,7160,404,257,313.000000
session_synthetic_000164_round_000000,synthetic_000164,0,30921.522611,0,1324,140,294.000000
session_synthetic_000164_round_000001,synthetic_000164,1,30921.522611,1464,339,95,100.000000
session_synthetic_000164_round_000002,synthetic_000164,2,30921.522611,1898,1708,269,392.000000
session_synthetic_000164_round_000003,synthetic_000164,3,30921.522611,3875,138,276,376.000000
session_synthetic_000164_round_000004,synthetic_000164,4,30921.522611,4289,619,131,616.000000
session_synthetic_000164_round_000005,synthetic_000164,5,30921.522611,5039,337,146,418.000000
session_synthetic_000164_round_000006,synthetic_000164,6,30921.522611,5522,984,318,646.000000
session_synthetic_000164_round_000007,synthetic_000164,7,30921.522611,6824,151,176,450.000000
session_synthetic_000164_round_000008,synthetic_000164,8,30921.522611,7151,112,68,170.000000
session_synthetic_000165_round_000000,synthetic_000165,0,31030.716186,0,950,492,253.000000
session_synthetic_000165_round_000001,synthetic_000165,1,31030.716186,1442,1130,97,210.000000
session_synthetic_000165_round_000002,synthetic_000165,2,31030.716186,2669,457,121,267.000000
session_synthetic_000165_round_000003,synthetic_000165,3,31030.716186,3247,324,136,348.000000
session_synthetic_000165_round_000004,synthetic_000165,4,31030.716186,3707,835,177,169.000000
session_synthetic_000166_round_000000,synthetic_000166,0,31170.449565,0,876,364,202.000000
session_synthetic_000166_round_000001,synthetic_000166,1,31170.449565,1240,656,263,177.000000
session_synthetic_000166_round_000002,synthetic_000166,2,31170.449565,2159,100,208,123.000000
session_synthetic_000166_round_000003,synthetic_000166,3,31170.449565,2467,876,233,142.000000
session_synthetic_000166_round_000004,synthetic_000166,4,31170.449565,3576,400,191,212.000000
session_synthetic_000166_round_000005,synthetic_000166,5,31170.449565,4167,708,407,369.000000
session_synthetic_000167_round_000000,synthetic_000167,0,31889.346781,0,383,181,297.000000
session_synthetic_000167_round_000001,synthetic_000167,1,31889.346781,564,694,167,373.000000
session_synthetic_000167_round_000002,synthetic_000167,2,31889.346781,1425,1695,265,208.000000
session_synthetic_000167_round_000003,synthetic_000167,3,31889.346781,3385,1226,180,262.000000
session_synthetic_000167_round_000004,synthetic_000167,4,31889.346781,4791,588,449,171.000000
session_synthetic_000168_round_000000,synthetic_000168,0,31910.412966,0,276,407,117.000000
session_synthetic_000168_round_000001,synthetic_000168,1,31910.412966,683,948,144,200.000000
session_synthetic_000168_round_000002,synthetic_000168,2,31910.412966,1775,461,137,415.000000
session_synthetic_000168_round_000003,synthetic_000168,3,31910.412966,2373,836,304,206.000000
session_synthetic_000168_round_000004,synthetic_000168,4,31910.412966,3513,95,204,422.000000
session_synthetic_000168_round_000005,synthetic_000168,5,31910.412966,3812,795,94,252.000000
session_synthetic_000168_round_000006,synthetic_000168,6,31910.412966,4701,178,231,223.000000
session_synthetic_000169_round_000000,synthetic_000169,0,32098.825415,0,484,98,702.000000
session_synthetic_000169_round_000001,synthetic_000169,1,32098.825415,582,173,410,476.000000
session_synthetic_000169_round_000002,synthetic_000169,2,32098.825415,1165,1327,64,277.000000
session_synthetic_000169_round_000003,synthetic_000169,3,32098.825415,2556,421,474,967.000000
session_synthetic_000170_round_000000,synthetic_000170,0,32241.963676,0,1467,134,497.000000
session_synthetic_000170_round_000001,synthetic_000170,1,32241.963676,1601,505,138,390.000000
session_synthetic_000170_round_000002,synthetic_000170,2,32241.963676,2244,353,262,282.000000
session_synthetic_000170_round_000003,synthetic_000170,3,32241.963676,2859,645,134,149.000000
session_synthetic_000170_round_000004,synthetic_000170,4,32241.963676,3638,266,199,342.000000
session_synthetic_000170_round_000005,synthetic_000170,5,32241.963676,4103,1888,231,402.000000
session_synthetic_000170_round_000006,synthetic_000170,6,32241.963676,6222,1085,464,373.000000
session_synthetic_000170_round_000007,synthetic_000170,7,32241.963676,7771,778,181,413.000000
session_synthetic_000170_round_000008,synthetic_000170,8,32241.963676,8730,566,139,258.000000
session_synthetic_000171_round_000000,synthetic_000171,0,32243.774778,0,530,134,246.000000
session_synthetic_000171_round_000001,synthetic_000171,1,32243.774778,664,882,272,477.000000
session_synthetic_000171_round_000002,synthetic_000171,2,32243.774778,1818,932,648,195.000000
session_synthetic_000171_round_000003,synthetic_000171,3,32243.774778,3398,798,68,236.000000
session_synthetic_000171_round_000004,synthetic_000171,4,32243.774778,4264,901,232,213.000000
session_synthetic_000171_round_000005,synthetic_000171,5,32243.774778,5397,726,186,389.000000
session_synthetic_000171_round_000006,synthetic_000171,6,32243.774778,6309,233,192,200.000000
session_synthetic_000171_round_000007,synthetic_000171,7,32243.774778,6734,635,378,249.000000
session_synthetic_000172_round_000000,synthetic_000172,0,32611.474063,0,976,215,239.000000
session_synthetic_000172_round_000001,synthetic_000172,1,32611.474063,1191,708,148,208.000000
session_synthetic_000172_round_000002,synthetic_000172,2,32611.474063,2047,702,188,220.000000
session_synthetic_000172_round_000003,synthetic_000172,3,32611.474063,2937,219,162,168.000000
session_synthetic_000172_round_000004,synthetic_000172,4,32611.474063,3318,144,177,84.000000
session_synthetic_000172_round_000005,synthetic_000172,5,32611.474063,3639,1083,162,238.000000
session_synthetic_000172_round_000006,synthetic_000172,6,32611.474063,4884,667,87,272.000000
session_synthetic_000172_round_000007,synthetic_000172,7,32611.474063,5638,970,204,526.000000
session_synthetic_000172_round_000008,synthetic_000172,8,32611.474063,6812,1266,253,314.000000
session_synthetic_000173_round_000000,synthetic_000173,0,33671.082542,0,330,376,210.000000
session_synthetic_000173_round_000001,synthetic_000173,1,33671.082542,706,507,297,232.000000
session_synthetic_000173_round_000002,synthetic_000173,2,33671.082542,1510,456,90,296.000000
session_synthetic_000173_round_000003,synthetic_000173,3,33671.082542,2056,126,76,172.000000
session_synthetic_000173_round_000004,synthetic_000173,4,33671.082542,2258,626,185,226.000000
session_synthetic_000173_round_000005,synthetic_000173,5,33671.082542,3069,830,144,432.000000
session_synthetic_000173_round_000006,synthetic_000173,6,33671.082542,4043,2071,237,290.000000
session_synthetic_000174_round_000000,synthetic_000174,0,33958.051088,0,775,214,319.000000
session_synthetic_000174_round_000001,synthetic_000174,1,33958.051088,989,829,277,261.000000
session_synthetic_000174_round_000002,synthetic_000174,2,33958.051088,2095,295,138,511.000000
session_synthetic_000174_round_000003,synthetic_000174,3,33958.051088,2528,470,152,161.000000
session_synthetic_000174_round_000004,synthetic_000174,4,33958.051088,3150,951,156,158.000000
session_synthetic_000174_round_000005,synthetic_000174,5,33958.051088,4257,771,139,189.000000
session_synthetic_000174_round_000006,synthetic_000174,6,33958.051088,5167,824,293,648.000000
session_synthetic_000174_round_000007,synthetic_000174,7,33958.051088,6284,365,182,170.000000
session_synthetic_000175_round_000000,synthetic_000175,0,34101.771013,0,1370,124,116.000000
session_synthetic_000175_round_000001,synthetic_000175,1,34101.771013,1494,442,98,198.000000
session_synthetic_000175_round_000002,synthetic_000175,2,34101.771013,2034,315,110,468.000000
session_synthetic_000175_round_000003,synthetic_000175,3,34101.771013,2459,678,118,476.000000
session_synthetic_000176_round_000000,synthetic_000176,0,34707.398204,0,829,200,590.000000
session_synthetic_000176_round_000001,synthetic_000176,1,34707.398204,1029,1351,116,374.000000
session_synthetic_000176_round_000002,synthetic_000176,2,34707.398204,2496,401,228,297.000000
session_synthetic_000176_round_000003,synthetic_000176,3,34707.398204,3125,393,219,465.000000
session_synthetic_000176_round_000004,synthetic_000176,4,34707.398204,3737,247,79,292.000000
session_synthetic_000176_round_000005,synthetic_000176,5,34707.398204,4063,1581,213,224.000000
session_synthetic_000177_round_000000,synthetic_000177,0,34950.773101,0,754,174,605.000000
session_synthetic_000177_round_000001,synthetic_000177,1,34950.773101,928,166,222,203.000000
session_synthetic_000177_round_000002,synthetic_000177,2,34950.773101,1316,3015,176,166.000000
session_synthetic_000177_round_000003,synthetic_000177,3,34950.773101,4507,643,141,181.000000
session_synthetic_000178_round_000000,synthetic_000178,0,35083.600741,0,219,309,845.000000
session_synthetic_000178_round_000001,synthetic_000178,1,35083.600741,528,231,140,183.000000
session_synthetic_000178_round_000002,synthetic_000178,2,35083.600741,899,640,129,64.000000
session_synthetic_000179_round_000000,synthetic_000179,0,35417.866171,0,793,76,221.000000
session_synthetic_000179_round_000001,synthetic_000179,1,35417.866171,869,444,258,295.000000
session_synthetic_000179_round_000002,synthetic_000179,2,35417.866171,1571,605,225,269.000000
session_synthetic_000180_round_000000,synthetic_000180,0,35701.036483,0,376,235,192.000000
session_synthetic_000180_round_000001,synthetic_000180,1,35701.036483,611,460,69,98.000000
session_synthetic_000180_round_000002,synthetic_000180,2,35701.036483,1140,291,432,407.000000
session_synthetic_000180_round_000003,synthetic_000180,3,35701.036483,1863,734,143,481.000000
session_synthetic_000180_round_000004,synthetic_000180,4,35701.036483,2740,704,164,600.000000
session_synthetic_000180_round_000005,synthetic_000180,5,35701.036483,3608,1008,343,1494.000000
session_synthetic_000181_round_000000,synthetic_000181,0,36064.248032,0,968,127,178.000000
session_synthetic_000181_round_000001,synthetic_000181,1,36064.248032,1095,573,107,185.000000
session_synthetic_000181_round_000002,synthetic_000181,2,36064.248032,1775,312,284,71.000000
session_synthetic_000181_round_000003,synthetic_000181,3,36064.248032,2371,1187,169,229.000000
session_synthetic_000181_round_000004,synthetic_000181,4,36064.248032,3727,221,112,398.000000
session_synthetic_000181_round_000005,synthetic_000181,5,36064.248032,4060,1210,178,368.000000
session_synthetic_000181_round_000006,synthetic_000181,6,36064.248032,5448,845,249,662.000000
session_synthetic_000181_round_000007,synthetic_000181,7,36064.248032,6542,4315,173,122.000000
session_synthetic_000182_round_000000,synthetic_000182,0,36238.399141,0,113,145,134.000000
session_synthetic_000182_round_000001,synthetic_000182,1,36238.399141,258,260,230,123.000000
session_synthetic_000182_round_000002,synthetic_000182,2,36238.399141,748,836,144,164.000000
session_synthetic_000182_round_000003,synthetic_000182,3,36238.399141,1728,319,314,444.000000
session_synthetic_000183_round_000000,synthetic_000183,0,36251.453239,0,750,318,219.000000
session_synthetic_000183_round_000001,synthetic_000183,1,36251.453239,1068,1220,211,343.000000
session_synthetic_000183_round_000002,synthetic_000183,2,36251.453239,2499,570,109,140.000000
session_synthetic_000183_round_000003,synthetic_000183,3,36251.453239,3178,878,308,183.000000
session_synthetic_000183_round_000004,synthetic_000183,4,36251.453239,4364,270,88,261.000000
session_synthetic_000183_round_000005,synthetic_000183,5,36251.453239,4722,911,245,290.000000
session_synthetic_000183_round_000006,synthetic_000183,6,36251.453239,5878,605,122,177.000000
session_synthetic_000184_round_000000,synthetic_000184,0,36290.172565,0,404,224,98.000000
session_synthetic_000184_round_000001,synthetic_000184,1,36290.172565,628,540,218,792.000000
session_synthetic_000184_round_000002,synthetic_000184,2,36290.172565,1386,682,136,163.000000
session_synthetic_000184_round_000003,synthetic_000184,3,36290.172565,2204,219,200,286.000000
session_synthetic_000184_round_000004,synthetic_000184,4,36290.172565,2623,2071,107,327.000000
session_synthetic_000184_round_000005,synthetic_000184,5,36290.172565,4801,186,206,154.000000
session_synthetic_000185_round_000000,synthetic_000185,0,36671.871937,0,329,227,147.000000
session_synthetic_000185_round_000001,synthetic_000185,1,36671.871937,556,198,147,246.000000
session_synthetic_000185_round_000002,synthetic_000185,2,36671.871937,901,469,99,247.000000
session_synthetic_000185_round_000003,synthetic_000185,3,36671.871937,1469,175,183,154.000000
session_synthetic_000186_round_000000,synthetic_000186,0,36874.303540,0,202,147,166.000000
session_synthetic_000186_round_000001,synthetic_000186,1,36874.303540,349,450,394,226.000000
session_synthetic_000186_round_000002,synthetic_000186,2,36874.303540,1193,1439,176,455.000000
session_synthetic_000186_round_000003,synthetic_000186,3,36874.303540,2808,452,265,220.000000
session_synthetic_000186_round_000004,synthetic_000186,4,36874.303540,3525,1131,158,244.000000
session_synthetic_000186_round_000005,synthetic_000186,5,36874.303540,4814,1782,511,259.000000
session_synthetic_000186_round_000006,synthetic_000186,6,36874.303540,7107,303,133,212.000000
session_synthetic_000186_round_000007,synthetic_000186,7,36874.303540,7543,157,225,265.000000
session_synthetic_000186_round_000008,synthetic_000186,8,36874.303540,7925,1225,130,180.000000
session_synthetic_000187_round_000000,synthetic_000187,0,36948.154428,0,1997,122,136.000000
session_synthetic_000187_round_000001,synthetic_000187,1,36948.154428,2119,304,179,371.000000
session_synthetic_000187_round_000002,synthetic_000187,2,36948.154428,2602,272,180,214.000000
session_synthetic_000187_round_000003,synthetic_000187,3,36948.154428,3054,117,138,124.000000
session_synthetic_000187_round_000004,synthetic_000187,4,36948.154428,3309,574,227,173.000000
session_synthetic_000187_round_000005,synthetic_000187,5,36948.154428,4110,1130,118,171.000000
session_synthetic_000187_round_000006,synthetic_000187,6,36948.154428,5358,144,327,67.000000
session_synthetic_000187_round_000007,synthetic_000187,7,36948.154428,5829,365,132,97.000000
session_synthetic_000188_round_000000,synthetic_000188,0,37603.156648,0,122,122,372.000000
session_synthetic_000188_round_000001,synthetic_000188,1,37603.156648,244,445,84,321.000000
session_synthetic_000188_round_000002,synthetic_000188,2,37603.156648,773,317,188,267.000000
session_synthetic_000188_round_000003,synthetic_000188,3,37603.156648,1278,824,93,104.000000
session_synthetic_000188_round_000004,synthetic_000188,4,37603.156648,2195,354,321,376.000000
session_synthetic_000188_round_000005,synthetic_000188,5,37603.156648,2870,1073,250,376.000000
session_synthetic_000188_round_000006,synthetic_000188,6,37603.156648,4193,1292,287,234.000000
session_synthetic_000189_round_000000,synthetic_000189,0,37853.358686,0,1106,224,258.000000
session_synthetic_000189_round_000001,synthetic_000189,1,37853.358686,1330,335,130,664.000000
session_synthetic_000189_round_000002,synthetic_000189,2,37853.358686,1795,889,386,332.000000
session_synthetic_000189_round_000003,synthetic_000189,3,37853.358686,3070,1059,252,138.000000
session_synthetic_000189_round_000004,synthetic_000189,4,37853.358686,4381,571,151,239.000000
session_synthetic_000190_round_000000,synthetic_000190,0,38501.448458,0,315,125,408.000000
session_synthetic_000190_round_000001,synthetic_000190,1,38501.448458,440,250,289,84.000000
session_synthetic_000190_round_000002,synthetic_000190,2,38501.448458,979,332,198,279.000000
session_synthetic_000190_round_000003,synthetic_000190,3,38501.448458,1509,804,225,210.000000
session_synthetic_000190_round_000004,synthetic_000190,4,38501.448458,2538,991,274,375.000000
session_synthetic_000190_round_000005,synthetic_000190,5,38501.448458,3803,189,92,490.000000
session_synthetic_000190_round_000006,synthetic_000190,6,38501.448458,4084,492,138,454.000000
session_synthetic_000191_round_000000,synthetic_000191,0,38532.315968,0,484,132,91.000000
session_synthetic_000191_round_000001,synthetic_000191,1,38532.315968,616,514,190,222.000000
session_synthetic_000191_round_000002,synthetic_000191,2,38532.315968,1320,240,145,273.000000
session_synthetic_000191_round_000003,synthetic_000191,3,38532.315968,1705,570,143,186.000000
session_synthetic_000191_round_000004,synthetic_000191,4,38532.315968,2418,625,113,368.000000
session_synthetic_000191_round_000005,synthetic_000191,5,38532.315968,3156,452,171,118.000000
session_synthetic_000192_round_000000,synthetic_000192,0,38612.919568,0,827,251,572.000000
session_synthetic_000192_round_000001,synthetic_000192,1,38612.919568,1078,829,318,168.000000
session_synthetic_000192_round_000002,synthetic_000192,2,38612.919568,2225,704,111,318.000000
session_synthetic_000193_round_000000,synthetic_000193,0,38661.747119,0,473,168,200.000000
session_synthetic_000193_round_000001,synthetic_000193,1,38661.747119,641,538,137,341.000000
session_synthetic_000193_round_000002,synthetic_000193,2,38661.747119,1316,1751,125,320.000000
session_synthetic_000193_round_000003,synthetic_000193,3,38661.747119,3192,80,146,316.000000
session_synthetic_000193_round_000004,synthetic_000193,4,38661.747119,3418,388,172,660.000000
session_synthetic_000194_round_000000,synthetic_000194,0,39054.928174,0,943,379,260.000000
session_synthetic_000194_round_000001,synthetic_000194,1,39054.928174,1322,621,177,186.000000
session_synthetic_000194_round_000002,synthetic_000194,2,39054.928174,2120,907,232,195.000000
session_synthetic_000194_round_000003,synthetic_000194,3,39054.928174,3259,823,145,463.000000
session_synthetic_000194_round_000004,synthetic_000194,4,39054.928174,4227,360,94,283.000000
session_synthetic_000194_round_000005,synthetic_000194,5,39054.928174,4681,681,214,150.000000
session_synthetic_000194_round_000006,synthetic_000194,6,39054.928174,5576,139,195,345.000000
session_synthetic_000194_round_000007,synthetic_000194,7,39054.928174,5910,809,428,175.000000
session_synthetic_000195_round_000000,synthetic_000195,0,39252.247377,0,1253,316,242.000000
session_synthetic_000195_round_000001,synthetic_000195,1,39252.247377,1569,1299,409,608.000000
session_synthetic_000195_round_000002,synthetic_000195,2,39252.247377,3277,236,219,245.000000
session_synthetic_000195_round_000003,synthetic_000195,3,39252.247377,3732,454,189,112.000000
session_synthetic_000195_round_000004,synthetic_000195,4,39252.247377,4375,857,217,395.000000
session_synthetic_000195_round_000005,synthetic_000195,5,39252.247377,5449,829,218,313.000000
session_synthetic_000195_round_000006,synthetic_000195,6,39252.247377,6496,1491,197,157.000000
session_synthetic_000195_round_000007,synthetic_000195,7,39252.247377,8184,241,313,300.000000
session_synthetic_000196_round_000000,synthetic_000196,0,39308.811812,0,436,75,351.000000
session_synthetic_000196_round_000001,synthetic_000196,1,39308.811812,511,326,140,256.000000
session_synthetic_000196_round_000002,synthetic_000196,2,39308.811812,977,415,162,801.000000
session_synthetic_000196_round_000003,synthetic_000196,3,39308.811812,1554,417,146,132.000000
session_synthetic_000196_round_000004,synthetic_000196,4,39308.811812,2117,898,158,151.000000
session_synthetic_000196_round_000005,synthetic_000196,5,39308.811812,3173,161,210,475.000000
session_synthetic_000196_round_000006,synthetic_000196,6,39308.811812,3544,828,192,222.000000
session_synthetic_000196_round_000007,synthetic_000196,7,39308.811812,4564,284,155,856.000000
session_synthetic_000197_round_000000,synthetic_000197,0,39312.917664,0,1081,102,333.000000
session_synthetic_000197_round_000001,synthetic_000197,1,39312.917664,1183,667,117,293.000000
session_synthetic_000197_round_000002,synthetic_000197,2,39312.917664,1967,1079,177,173.000000
session_synthetic_000197_round_000003,synthetic_000197,3,39312.917664,3223,679,181,260.000000
session_synthetic_000197_round_000004,synthetic_000197,4,39312.917664,4083,1273,235,447.000000
session_synthetic_000198_round_000000,synthetic_000198,0,39402.645767,0,220,140,187.000000
session_synthetic_000198_round_000001,synthetic_000198,1,39402.645767,360,321,203,638.000000
session_synthetic_000198_round_000002,synthetic_000198,2,39402.645767,884,285,160,640.000000
session_synthetic_000198_round_000003,synthetic_000198,3,39402.645767,1329,323,84,333.000000
session_synthetic_000199_round_000000,synthetic_000199,0,39554.044468,0,307,152,272.000000
session_synthetic_000199_round_000001,synthetic_000199,1,39554.044468,459,2780,123,343.000000
session_synthetic_000199_round_000002,synthetic_000199,2,39554.044468,3362,1140,68,639.000000
session_synthetic_000199_round_000003,synthetic_000199,3,39554.044468,4570,330,140,132.000000
session_synthetic_000200_round_000000,synthetic_000200,0,39623.932415,0,826,186,391.000000
session_synthetic_000200_round_000001,synthetic_000200,1,39623.932415,1012,1495,101,186.000000
session_synthetic_000200_round_000002,synthetic_000200,2,39623.932415,2608,687,259,207.000000
session_synthetic_000200_round_000003,synthetic_000200,3,39623.932415,3554,750,330,158.000000
session_synthetic_000200_round_000004,synthetic_000200,4,39623.932415,4634,611,238,170.000000
session_synthetic_000200_round_000005,synthetic_000200,5,39623.932415,5483,609,148,111.000000
session_synthetic_000200_round_000006,synthetic_000200,6,39623.932415,6240,225,68,267.000000
session_synthetic_000200_round_000007,synthetic_000200,7,39623.932415,6533,878,160,200.000000
session_synthetic_000201_round_000000,synthetic_000201,0,39636.345899,0,915,181,359.000000
session_synthetic_000201_round_000001,synthetic_000201,1,39636.345899,1096,402,105,602.000000
session_synthetic_000201_round_000002,synthetic_000201,2,39636.345899,1603,239,113,161.000000
session_synthetic_000201_round_000003,synthetic_000201,3,39636.345899,1955,413,237,338.000000
session_synthetic_000201_round_000004,synthetic_000201,4,39636.345899,2605,1431,185,468.000000
session_synthetic_000201_round_000005,synthetic_000201,5,39636.345899,4221,283,265,200.000000
session_synthetic_000201_round_000006,synthetic_000201,6,39636.345899,4769,1532,154,251.000000
session_synthetic_000202_round_000000,synthetic_000202,0,39737.312494,0,282,210,236.000000
session_synthetic_000202_round_000001,synthetic_000202,1,39737.312494,492,1197,318,414.000000
session_synthetic_000202_round_000002,synthetic_000202,2,39737.312494,2007,791,190,235.000000
session_synthetic_000202_round_000003,synthetic_000202,3,39737.312494,2988,597,241,580.000000
session_synthetic_000202_round_000004,synthetic_000202,4,39737.312494,3826,802,219,1002.000000
session_synthetic_000202_round_000005,synthetic_000202,5,39737.312494,4847,191,304,474.000000
session_synthetic_000203_round_000000,synthetic_000203,0,39984.919427,0,378,174,272.000000
session_synthetic_000203_round_000001,synthetic_000203,1,39984.919427,552,713,118,200.000000
session_synthetic_000203_round_000002,synthetic_000203,2,39984.919427,1383,469,112,248.000000
session_synthetic_000203_round_000003,synthetic_000203,3,39984.919427,1964,651,154,431.000000
session_synthetic_000203_round_000004,synthetic_000203,4,39984.919427,2769,438,120,543.000000
session_synthetic_000203_round_000005,synthetic_000203,5,39984.919427,3327,313,185,281.000000
session_synthetic_000203_round_000006,synthetic_000203,6,39984.919427,3825,217,127,218.000000
session_synthetic_000203_round_000007,synthetic_000203,7,39984.919427,4169,2010,106,184.000000
session_synthetic_000203_round_000008,synthetic_000203,8,39984.919427,6285,187,181,197.000000
session_synthetic_000204_round_000000,synthetic_000204,0,40545.943330,0,362,130,727.000000
session_synthetic_000204_round_000001,synthetic_000204,1,40545.943330,492,579,336,347.000000
session_synthetic_000204_round_000002,synthetic_000204,2,40545.943330,1407,656,148,400.000000
session_synthetic_000204_round_000003,synthetic_000204,3,40545.943330,2211,1766,235,261.000000
session_synthetic_000204_round_000004,synthetic_000204,4,40545.943330,4212,657,96,266.000000
session_synthetic_000204_round_000005,synthetic_000204,5,40545.943330,4965,708,211,171.000000
session_synthetic_000204_round_000006,synthetic_000204,6,40545.943330,5884,363,438,229.000000
session_synthetic_000205_round_000000,synthetic_000205,0,40583.740270,0,611,180,279.000000
session_synthetic_000205_round_000001,synthetic_000205,1,40583.740270,791,790,256,173.000000
session_synthetic_000205_round_000002,synthetic_000205,2,40583.740270,1837,360,292,225.000000
session_synthetic_000205_round_000003,synthetic_000205,3,40583.740270,2489,790,167,375.000000
session_synthetic_000205_round_000004,synthetic_000205,4,40583.740270,3446,226,135,434.000000
session_synthetic_000205_round_000005,synthetic_000205,5,40583.740270,3807,361,395,155.000000
session_synthetic_000205_round_000006,synthetic_000205,6,40583.740270,4563,1123,62,151.000000
session_synthetic_000205_round_000007,synthetic_000205,7,40583.740270,5748,434,231,672.000000
session_synthetic_000206_round_000000,synthetic_000206,0,40861.017318,0,300,92,108.000000
session_synthetic_000206_round_000001,synthetic_000206,1,40861.017318,392,474,90,346.000000
session_synthetic_000206_round_000002,synthetic_000206,2,40861.017318,956,154,210,208.000000
session_synthetic_000206_round_000003,synthetic_000206,3,40861.017318,1320,558,247,224.000000
session_synthetic_000206_round_000004,synthetic_000206,4,40861.017318,2125,327,149,450.000000
session_synthetic_000207_round_000000,synthetic_000207,0,40983.986007,0,1250,161,568.000000
session_synthetic_000207_round_000001,synthetic_000207,1,40983.986007,1411,286,131,463.000000
session_synthetic_000207_round_000002,synthetic_000207,2,40983.986007,1828,2196,125,236.000000
session_synthetic_000208_round_000000,synthetic_000208,0,41085.283864,0,417,214,250.000000
session_synthetic_000208_round_000001,synthetic_000208,1,41085.283864,631,514,104,392.000000
session_synthetic_000208_round_000002,synthetic_000208,2,41085.283864,1249,418,178,1021.000000
session_synthetic_000208_round_000003,synthetic_000208,3,41085.283864,1845,680,131,383.000000
session_synthetic_000208_round_000004,synthetic_000208,4,41085.283864,2656,532,255,298.000000
session_synthetic_000208_round_000005,synthetic_000208,5,41085.283864,3443,328,133,131.000000
session_synthetic_000208_round_000006,synthetic_000208,6,41085.283864,3904,1679,194,413.000000
session_synthetic_000208_round_000007,synthetic_000208,7,41085.283864,5777,2083,336,577.000000
session_synthetic_000209_round_000000,synthetic_000209,0,41113.057603,0,1135,81,700.000000
session_synthetic_000209_round_000001,synthetic_000209,1,41113.057603,1216,345,293,498.000000
session_synthetic_000209_round_000002,synthetic_000209,2,41113.057603,1854,1094,107,189.000000
session_synthetic_000209_round_000003,synthetic_000209,3,41113.057603,3055,623,229,236.000000
session_synthetic_000210_round_000000,synthetic_000210,0,41707.085807,0,624,94,100.000000
session_synthetic_000210_round_000001,synthetic_000210,1,41707.085807,718,1097,323,169.000000
session_synthetic_000210_round_000002,synthetic_000210,2,41707.085807,2138,691,125,513.000000
session_synthetic_000210_round_000003,synthetic_000210,3,41707.085807,2954,657,108,476.000000
session_synthetic_000210_round_000004,synthetic_000210,4,41707.085807,3719,673,113,330.000000
session_synthetic_000211_round_000000,synthetic_000211,0,41911.434985,0,456,223,533.000000
session_synthetic_000211_round_000001,synthetic_000211,1,41911.434985,679,726,152,364.000000
session_synthetic_000211_round_000002,synthetic_000211,2,41911.434985,1557,228,186,132.000000
session_synthetic_000211_round_000003,synthetic_000211,3,41911.434985,1971,386,123,354.000000
session_synthetic_000212_round_000000,synthetic_000212,0,42058.004046,0,958,308,296.000000
session_synthetic_000212_round_000001,synthetic_000212,1,42058.004046,1266,629,197,187.000000
session_synthetic_000212_round_000002,synthetic_000212,2,42058.004046,2092,323,209,428.000000
session_synthetic_000212_round_000003,synthetic_000212,3,42058.004046,2624,465,85,279.000000
session_synthetic_000212_round_000004,synthetic_000212,4,42058.004046,3174,1049,171,241.000000
session_synthetic_000212_round_000005,synthetic_000212,5,42058.004046,4394,401,139,331.000000
session_synthetic_000213_round_000000,synthetic_000213,0,42087.711662,0,332,95,175.000000
session_synthetic_000213_round_000001,synthetic_000213,1,42087.711662,427,455,171,971.000000
session_synthetic_000213_round_000002,synthetic_000213,2,42087.711662,1053,705,328,174.000000
session_synthetic_000213_round_000003,synthetic_000213,3,42087.711662,2086,404,214,390.000000
session_synthetic_000213_round_000004,synthetic_000213,4,42087.711662,2704,657,102,155.000000
session_synthetic_000214_round_000000,synthetic_000214,0,42123.505175,0,369,315,196.000000
session_synthetic_000214_round_000001,synthetic_000214,1,42123.505175,684,189,108,182.000000
session_synthetic_000214_round_000002,synthetic_000214,2,42123.505175,981,829,97,312.000000
session_synthetic_000215_round_000000,synthetic_000215,0,42539.908900,0,141,239,139.000000
session_synthetic_000215_round_000001,synthetic_000215,1,42539.908900,380,759,168,822.000000
session_synthetic_000215_round_000002,synthetic_000215,2,42539.908900,1307,411,169,296.000000
session_synthetic_000215_round_000003,synthetic_000215,3,42539.908900,1887,410,118,357.000000
session_synthetic_000215_round_000004,synthetic_000215,4,42539.908900,2415,476,112,387.000000
session_synthetic_000215_round_000005,synthetic_000215,5,42539.908900,3003,470,230,627.000000
session_synthetic_000216_round_000000,synthetic_000216,0,42655.222144,0,138,196,299.000000
session_synthetic_000216_round_000001,synthetic_000216,1,42655.222144,334,406,87,565.000000
session_synthetic_000216_round_000002,synthetic_000216,2,42655.222144,827,609,206,249.000000
session_synthetic_000216_round_000003,synthetic_000216,3,42655.222144,1642,2501,150,94.000000
session_synthetic_000216_round_000004,synthetic_000216,4,42655.222144,4293,833,239,150.000000
session_synthetic_000217_round_000000,synthetic_000217,0,42678.565238,0,383,220,462.000000
session_synthetic_000217_round_000001,synthetic_000217,1,42678.565238,603,909,185,659.000000
session_synthetic_000217_round_000002,synthetic_000217,2,42678.565238,1697,172,125,409.000000
session_synthetic_000217_round_000003,synthetic_000217,3,42678.565238,1994,831,111,109.000000
session_synthetic_000217_round_000004,synthetic_000217,4,42678.565238,2936,188,245,159.000000
session_synthetic_000217_round_000005,synthetic_000217,5,42678.565238,3369,512,135,142.000000
session_synthetic_000217_round_000006,synthetic_000217,6,42678.565238,4016,1124,161,261.000000
session_synthetic_000218_round_000000,synthetic_000218,0,43010.310276,0,384,158,308.000000
session_synthetic_000218_round_000001,synthetic_000218,1,43010.310276,542,460,151,213.000000
session_synthetic_000218_round_000002,synthetic_000218,2,43010.310276,1153,349,295,87.000000
session_synthetic_000218_round_000003,synthetic_000218,3,43010.310276,1797,246,177,452.000000
session_synthetic_000218_round_000004,synthetic_000218,4,43010.310276,2220,239,105,198.000000
session_synthetic_000219_round_000000,synthetic_000219,0,43084.113525,0,634,252,218.000000
session_synthetic_000219_round_000001,synthetic_000219,1,43084.113525,886,469,275,260.000000
session_synthetic_000219_round_000002,synthetic_000219,2,43084.113525,1630,531,325,404.000000
session_synthetic_000219_round_000003,synthetic_000219,3,43084.113525,2486,369,163,187.000000
session_synthetic_000219_round_000004,synthetic_000219,4,43084.113525,3018,406,241,149.000000
session_synthetic_000220_round_000000,synthetic_000220,0,43275.267940,0,552,217,312.000000
session_synthetic_000220_round_000001,synthetic_000220,1,43275.267940,769,1856,121,286.000000
session_synthetic_000220_round_000002,synthetic_000220,2,43275.267940,2746,170,105,201.000000
session_synthetic_000220_round_000003,synthetic_000220,3,43275.267940,3021,1202,202,68.000000
session_synthetic_000220_round_000004,synthetic_000220,4,43275.267940,4425,237,132,70.000000
session_synthetic_000220_round_000005,synthetic_000220,5,43275.267940,4794,1296,150,2240.000000
session_synthetic_000220_round_000006,synthetic_000220,6,43275.267940,6240,314,145,106.000000
session_synthetic_000220_round_000007,synthetic_000220,7,43275.267940,6699,344,232,407.000000
session_synthetic_000220_round_000008,synthetic_000220,8,43275.267940,7275,543,273,266.000000
session_synthetic_000221_round_000000,synthetic_000221,0,43408.711852,0,1622,158,293.000000
session_synthetic_000221_round_000001,synthetic_000221,1,43408.711852,1780,509,219,282.000000
session_synthetic_000221_round_000002,synthetic_000221,2,43408.711852,2508,680,234,170.000000
session_synthetic_000221_round_000003,synthetic_000221,3,43408.711852,3422,541,137,107.000000
session_synthetic_000221_round_000004,synthetic_000221,4,43408.711852,4100,157,438,208.000000
session_synthetic_000221_round_000005,synthetic_000221,5,43408.711852,4695,427,297,280.000000
session_synthetic_000222_round_000000,synthetic_000222,0,43454.902958,0,808,129,319.000000
session_synthetic_000222_round_000001,synthetic_000222,1,43454.902958,937,175,97,810.000000
session_synthetic_000222_round_000002,synthetic_000222,2,43454.902958,1209,206,143,490.000000
session_synthetic_000222_round_000003,synthetic_000222,3,43454.902958,1558,1705,386,530.000000
session_synthetic_000222_round_000004,synthetic_000222,4,43454.902958,3649,183,173,331.000000
session_synthetic_000222_round_000005,synthetic_000222,5,43454.902958,4005,343,240,171.000000
session_synthetic_000222_round_000006,synthetic_000222,6,43454.902958,4588,748,308,272.000000
session_synthetic_000223_round_000000,synthetic_000223,0,43479.422946,0,608,335,344.000000
session_synthetic_000223_round_000001,synthetic_000223,1,43479.422946,943,972,163,119.000000
session_synthetic_000223_round_000002,synthetic_000223,2,43479.422946,2078,862,336,407.000000
session_synthetic_000223_round_000003,synthetic_000223,3,43479.422946,3276,825,216,79.000000
session_synthetic_000223_round_000004,synthetic_000223,4,43479.422946,4317,1208,69,143.000000
session_synthetic_000223_round_000005,synthetic_000223,5,43479.422946,5594,220,243,319.000000
session_synthetic_000223_round_000006,synthetic_000223,6,43479.422946,6057,553,129,223.000000
session_synthetic_000223_round_000007,synthetic_000223,7,43479.422946,6739,1166,292,245.000000
session_synthetic_000224_round_000000,synthetic_000224,0,43961.693464,0,2039,84,602.000000
session_synthetic_000224_round_000001,synthetic_000224,1,43961.693464,2123,1255,213,270.000000
session_synthetic_000224_round_000002,synthetic_000224,2,43961.693464,3591,535,155,413.000000
session_synthetic_000224_round_000003,synthetic_000224,3,43961.693464,4281,120,162,896.000000
session_synthetic_000225_round_000000,synthetic_000225,0,43966.619693,0,303,150,253.000000
session_synthetic_000225_round_000001,synthetic_000225,1,43966.619693,453,1310,985,231.000000
session_synthetic_000225_round_000002,synthetic_000225,2,43966.619693,2748,2644,195,340.000000
session_synthetic_000225_round_000003,synthetic_000225,3,43966.619693,5587,325,112,612.000000
session_synthetic_000226_round_000000,synthetic_000226,0,44008.977156,0,1185,436,222.000000
session_synthetic_000226_round_000001,synthetic_000226,1,44008.977156,1621,368,300,324.000000
session_synthetic_000226_round_000002,synthetic_000226,2,44008.977156,2289,514,55,107.000000
session_synthetic_000226_round_000003,synthetic_000226,3,44008.977156,2858,188,169,275.000000
session_synthetic_000226_round_000004,synthetic_000226,4,44008.977156,3215,1136,300,164.000000
session_synthetic_000226_round_000005,synthetic_000226,5,44008.977156,4651,664,104,271.000000
session_synthetic_000226_round_000006,synthetic_000226,6,44008.977156,5419,1609,138,576.000000
session_synthetic_000227_round_000000,synthetic_000227,0,44070.128555,0,400,160,363.000000
session_synthetic_000227_round_000001,synthetic_000227,1,44070.128555,560,522,97,170.000000
session_synthetic_000227_round_000002,synthetic_000227,2,44070.128555,1179,1217,93,199.000000
session_synthetic_000227_round_000003,synthetic_000227,3,44070.128555,2489,252,191,231.000000
session_synthetic_000227_round_000004,synthetic_000227,4,44070.128555,2932,643,231,94.000000
session_synthetic_000228_round_000000,synthetic_000228,0,44197.556184,0,960,901,171.000000
session_synthetic_000228_round_000001,synthetic_000228,1,44197.556184,1861,1622,129,210.000000
session_synthetic_000228_round_000002,synthetic_000228,2,44197.556184,3612,389,205,219.000000
session_synthetic_000228_round_000003,synthetic_000228,3,44197.556184,4206,771,192,483.000000
session_synthetic_000229_round_000000,synthetic_000229,0,44268.379044,0,2186,115,453.000000
session_synthetic_000229_round_000001,synthetic_000229,1,44268.379044,2301,893,195,498.000000
session_synthetic_000229_round_000002,synthetic_000229,2,44268.379044,3389,378,236,452.000000
session_synthetic_000229_round_000003,synthetic_000229,3,44268.379044,4003,1012,87,265.000000
session_synthetic_000229_round_000004,synthetic_000229,4,44268.379044,5102,933,203,88.000000
session_synthetic_000230_round_000000,synthetic_000230,0,44559.049942,0,382,245,121.000000
session_synthetic_000230_round_000001,synthetic_000230,1,44559.049942,627,1165,143,287.000000
session_synthetic_000230_round_000002,synthetic_000230,2,44559.049942,1935,679,204,243.000000
session_synthetic_000230_round_000003,synthetic_000230,3,44559.049942,2818,732,82,174.000000
session_synthetic_000230_round_000004,synthetic_000230,4,44559.049942,3632,556,107,811.000000
session_synthetic_000231_round_000000,synthetic_000231,0,44802.815808,0,1060,288,441.000000
session_synthetic_000231_round_000001,synthetic_000231,1,44802.815808,1348,442,72,450.000000
session_synthetic_000231_round_000002,synthetic_000231,2,44802.815808,1862,280,95,177.000000
session_synthetic_000231_round_000003,synthetic_000231,3,44802.815808,2237,411,306,189.000000
session_synthetic_000231_round_000004,synthetic_000231,4,44802.815808,2954,347,80,848.000000
session_synthetic_000231_round_000005,synthetic_000231,5,44802.815808,3381,741,144,297.000000
session_synthetic_000231_round_000006,synthetic_000231,6,44802.815808,4266,447,179,373.000000
session_synthetic_000231_round_000007,synthetic_000231,7,44802.815808,4892,387,64,155.000000
session_synthetic_000232_round_000000,synthetic_000232,0,45560.574657,0,1457,251,94.000000
session_synthetic_000232_round_000001,synthetic_000232,1,45560.574657,1708,455,175,328.000000
session_synthetic_000232_round_000002,synthetic_000232,2,45560.574657,2338,1573,285,411.000000
session_synthetic_000232_round_000003,synthetic_000232,3,45560.574657,4196,988,260,135.000000
session_synthetic_000232_round_000004,synthetic_000232,4,45560.574657,5444,331,126,173.000000
session_synthetic_000232_round_000005,synthetic_000232,5,45560.574657,5901,991,130,66.000000
session_synthetic_000232_round_000006,synthetic_000232,6,45560.574657,7022,1102,148,275.000000
session_synthetic_000232_round_000007,synthetic_000232,7,45560.574657,8272,779,201,324.000000
session_synthetic_000232_round_000008,synthetic_000232,8,45560.574657,9252,405,170,419.000000
session_synthetic_000233_round_000000,synthetic_000233,0,45627.687537,0,1314,137,733.000000
session_synthetic_000233_round_000001,synthetic_000233,1,45627.687537,1451,294,164,309.000000
session_synthetic_000233_round_000002,synthetic_000233,2,45627.687537,1909,2560,153,314.000000
session_synthetic_000233_round_000003,synthetic_000233,3,45627.687537,4622,479,259,75.000000
session_synthetic_000233_round_000004,synthetic_000233,4,45627.687537,5360,1040,287,191.000000
session_synthetic_000233_round_000005,synthetic_000233,5,45627.687537,6687,858,319,272.000000
session_synthetic_000234_round_000000,synthetic_000234,0,45689.230984,0,860,336,225.000000
session_synthetic_000234_round_000001,synthetic_000234,1,45689.230984,1196,1320,82,859.000000
session_synthetic_000234_round_000002,synthetic_000234,2,45689.230984,2598,630,94,219.000000
session_synthetic_000234_round_000003,synthetic_000234,3,45689.230984,3322,299,305,224.000000
session_synthetic_000234_round_000004,synthetic_000234,4,45689.230984,3926,471,426,163.000000
session_synthetic_000235_round_000000,synthetic_000235,0,45799.129480,0,807,184,128.000000
session_synthetic_000235_round_000001,synthetic_000235,1,45799.129480,991,738,132,215.000000
session_synthetic_000235_round_000002,synthetic_000235,2,45799.129480,1861,735,230,214.000000
session_synthetic_000236_round_000000,synthetic_000236,0,45899.514279,0,131,144,326.000000
session_synthetic_000236_round_000001,synthetic_000236,1,45899.514279,275,242,78,600.000000
session_synthetic_000236_round_000002,synthetic_000236,2,45899.514279,595,598,202,115.000000
session_synthetic_000236_round_000003,synthetic_000236,3,45899.514279,1395,444,245,533.000000
session_synthetic_000236_round_000004,synthetic_000236,4,45899.514279,2084,834,78,260.000000
session_synthetic_000236_round_000005,synthetic_000236,5,45899.514279,2996,729,144,264.000000
session_synthetic_000237_round_000000,synthetic_000237,0,46295.120424,0,157,332,101.000000
session_synthetic_000237_round_000001,synthetic_000237,1,46295.120424,489,781,151,457.000000
session_synthetic_000237_round_000002,synthetic_000237,2,46295.120424,1421,543,121,200.000000
session_synthetic_000237_round_000003,synthetic_000237,3,46295.120424,2085,1376,107,435.000000
session_synthetic_000237_round_000004,synthetic_000237,4,46295.120424,3568,920,196,202.000000
session_synthetic_000237_round_000005,synthetic_000237,5,46295.120424,4684,251,321,401.000000
session_synthetic_000237_round_000006,synthetic_000237,6,46295.120424,5256,401,297,2381.000000
session_synthetic_000237_round_000007,synthetic_000237,7,46295.120424,5954,1153,388,252.000000
session_synthetic_000238_round_000000,synthetic_000238,0,46319.713545,0,1041,162,194.000000
session_synthetic_000238_round_000001,synthetic_000238,1,46319.713545,1203,1101,133,326.000000
session_synthetic_000238_round_000002,synthetic_000238,2,46319.713545,2437,448,190,290.000000
session_synthetic_000238_round_000003,synthetic_000238,3,46319.713545,3075,312,77,171.000000
session_synthetic_000238_round_000004,synthetic_000238,4,46319.713545,3464,119,120,180.000000
session_synthetic_000239_round_000000,synthetic_000239,0,46489.186855,0,595,185,337.000000
session_synthetic_000239_round_000001,synthetic_000239,1,46489.186855,780,809,288,322.000000
session_synthetic_000239_round_000002,synthetic_000239,2,46489.186855,1877,2711,346,376.000000
session_synthetic_000239_round_000003,synthetic_000239,3,46489.186855,4934,803,177,337.000000
session_synthetic_000240_round_000000,synthetic_000240,0,46577.904308,0,624,102,553.000000
session_synthetic_000240_round_000001,synthetic_000240,1,46577.904308,726,597,335,117.000000
session_synthetic_000240_round_000002,synthetic_000240,2,46577.904308,1658,1015,223,522.000000
session_synthetic_000240_round_000003,synthetic_000240,3,46577.904308,2896,471,143,249.000000
session_synthetic_000240_round_000004,synthetic_000240,4,46577.904308,3510,440,223,437.000000
session_synthetic_000240_round_000005,synthetic_000240,5,46577.904308,4173,762,133,149.000000
session_synthetic_000240_round_000006,synthetic_000240,6,46577.904308,5068,222,129,314.000000
session_synthetic_000241_round_000000,synthetic_000241,0,47009.134050,0,959,171,372.000000
session_synthetic_000241_round_000001,synthetic_000241,1,47009.134050,1130,445,165,230.000000
session_synthetic_000241_round_000002,synthetic_000241,2,47009.134050,1740,319,134,210.000000
session_synthetic_000241_round_000003,synthetic_000241,3,47009.134050,2193,146,158,205.000000
session_synthetic_000241_round_000004,synthetic_000241,4,47009.134050,2497,479,89,401.000000
session_synthetic_000241_round_000005,synthetic_000241,5,47009.134050,3065,632,109,50.000000
session_synthetic_000241_round_000006,synthetic_000241,6,47009.134050,3806,603,253,714.000000
session_synthetic_000242_round_000000,synthetic_000242,0,47160.758665,0,384,221,314.000000
session_synthetic_000242_round_000001,synthetic_000242,1,47160.758665,605,199,260,206.000000
session_synthetic_000242_round_000002,synthetic_000242,2,47160.758665,1064,1152,116,136.000000
session_synthetic_000242_round_000003,synthetic_000242,3,47160.758665,2332,625,189,126.000000
session_synthetic_000242_round_000004,synthetic_000242,4,47160.758665,3146,599,191,230.000000
session_synthetic_000242_round_000005,synthetic_000242,5,47160.758665,3936,2828,222,496.000000
session_synthetic_000242_round_000006,synthetic_000242,6,47160.758665,6986,274,340,648.000000
session_synthetic_000243_round_000000,synthetic_000243,0,47744.155330,0,595,179,183.000000
session_synthetic_000243_round_000001,synthetic_000243,1,47744.155330,774,139,210,548.000000
session_synthetic_000243_round_000002,synthetic_000243,2,47744.155330,1123,663,91,242.000000
session_synthetic_000243_round_000003,synthetic_000243,3,47744.155330,1877,422,160,257.000000
session_synthetic_000243_round_000004,synthetic_000243,4,47744.155330,2459,261,138,125.000000
session_synthetic_000243_round_000005,synthetic_000243,5,47744.155330,2858,198,68,108.000000
session_synthetic_000243_round_000006,synthetic_000243,6,47744.155330,3124,1495,166,765.000000
session_synthetic_000244_round_000000,synthetic_000244,0,48003.967103,0,146,184,220.000000
session_synthetic_000244_round_000001,synthetic_000244,1,48003.967103,330,200,132,548.000000
session_synthetic_000244_round_000002,synthetic_000244,2,48003.967103,662,1008,276,386.000000
session_synthetic_000244_round_000003,synthetic_000244,3,48003.967103,1946,820,628,275.000000
session_synthetic_000244_round_000004,synthetic_000244,4,48003.967103,3394,586,367,175.000000
session_synthetic_000244_round_000005,synthetic_000244,5,48003.967103,4347,430,231,146.000000
session_synthetic_000245_round_000000,synthetic_000245,0,48085.482160,0,647,174,373.000000
session_synthetic_000245_round_000001,synthetic_000245,1,48085.482160,821,233,80,275.000000
session_synthetic_000245_round_000002,synthetic_000245,2,48085.482160,1134,1020,237,272.000000
session_synthetic_000245_round_000003,synthetic_000245,3,48085.482160,2391,470,117,123.000000
session_synthetic_000246_round_000000,synthetic_000246,0,48284.524157,0,1231,249,398.000000
session_synthetic_000246_round_000001,synthetic_000246,1,48284.524157,1480,383,218,160.000000
session_synthetic_000246_round_000002,synthetic_000246,2,48284.524157,2081,1286,121,463.000000
session_synthetic_000246_round_000003,synthetic_000246,3,48284.524157,3488,297,278,254.000000
session_synthetic_000246_round_000004,synthetic_000246,4,48284.524157,4063,242,108,237.000000
session_synthetic_000247_round_000000,synthetic_000247,0,48367.805833,0,319,261,254.000000
session_synthetic_000247_round_000001,synthetic_000247,1,48367.805833,580,913,179,738.000000
session_synthetic_000247_round_000002,synthetic_000247,2,48367.805833,1672,297,216,228.000000
session_synthetic_000247_round_000003,synthetic_000247,3,48367.805833,2185,373,140,477.000000
session_synthetic_000248_round_000000,synthetic_000248,0,48379.798742,0,180,260,353.000000
session_synthetic_000248_round_000001,synthetic_000248,1,48379.798742,440,909,189,261.000000
session_synthetic_000248_round_000002,synthetic_000248,2,48379.798742,1538,426,121,198.000000
session_synthetic_000248_round_000003,synthetic_000248,3,48379.798742,2085,1473,314,68.000000
session_synthetic_000248_round_000004,synthetic_000248,4,48379.798742,3872,310,224,94.000000
session_synthetic_000249_round_000000,synthetic_000249,0,48406.611624,0,499,245,134.000000
session_synthetic_000249_round_000001,synthetic_000249,1,48406.611624,744,578,188,317.000000
session_synthetic_000249_round_000002,synthetic_000249,2,48406.611624,1510,690,205,272.000000
session_synthetic_000249_round_000003,synthetic_000249,3,48406.611624,2405,1329,116,134.000000
session_synthetic_000249_round_000004,synthetic_000249,4,48406.611624,3850,543,114,182.000000
session_synthetic_000249_round_000005,synthetic_000249,5,48406.611624,4507,570,243,270.000000
session_synthetic_000249_round_000006,synthetic_000249,6,48406.611624,5320,1456,283,426.000000
session_synthetic_000249_round_000007,synthetic_000249,7,48406.611624,7059,223,288,489.000000
session_synthetic_000250_round_000000,synthetic_000250,0,48421.002996,0,660,197,261.000000
session_synthetic_000250_round_000001,synthetic_000250,1,48421.002996,857,480,137,180.000000
session_synthetic_000250_round_000002,synthetic_000250,2,48421.002996,1474,779,97,425.000000
session_synthetic_000250_round_000003,synthetic_000250,3,48421.002996,2350,326,149,765.000000
session_synthetic_000250_round_000004,synthetic_000250,4,48421.002996,2825,774,291,162.000000
session_synthetic_000251_round_000000,synthetic_000251,0,48469.360351,0,373,131,529.000000
session_synthetic_000251_round_000001,synthetic_000251,1,48469.360351,504,640,398,234.000000
session_synthetic_000251_round_000002,synthetic_000251,2,48469.360351,1542,1164,133,273.000000
session_synthetic_000251_round_000003,synthetic_000251,3,48469.360351,2839,604,344,185.000000
session_synthetic_000251_round_000004,synthetic_000251,4,48469.360351,3787,260,125,399.000000
session_synthetic_000251_round_000005,synthetic_000251,5,48469.360351,4172,1578,144,196.000000
session_synthetic_000252_round_000000,synthetic_000252,0,49020.416274,0,1002,269,172.000000
session_synthetic_000252_round_000001,synthetic_000252,1,49020.416274,1271,919,174,205.000000
session_synthetic_000252_round_000002,synthetic_000252,2,49020.416274,2364,260,155,77.000000
session_synthetic_000252_round_000003,synthetic_000252,3,49020.416274,2779,173,127,654.000000
session_synthetic_000252_round_000004,synthetic_000252,4,49020.416274,3079,484,125,409.000000
session_synthetic_000252_round_000005,synthetic_000252,5,49020.416274,3688,302,185,798.000000
session_synthetic_000252_round_000006,synthetic_000252,6,49020.416274,4175,520,90,236.000000
session_synthetic_000253_round_000000,synthetic_000253,0,49085.922119,0,270,98,249.000000
session_synthetic_000253_round_000001,synthetic_000253,1,49085.922119,368,582,327,209.000000
session_synthetic_000253_round_000002,synthetic_000253,2,49085.922119,1277,517,375,374.000000
session_synthetic_000253_round_000003,synthetic_000253,3,49085.922119,2169,1059,131,342.000000
session_synthetic_000253_round_000004,synthetic_000253,4,49085.922119,3359,838,161,459.000000
session_synthetic_000253_round_000005,synthetic_000253,5,49085.922119,4358,407,131,199.000000
session_synthetic_000253_round_000006,synthetic_000253,6,49085.922119,4896,184,126,57.000000
session_synthetic_000254_round_000000,synthetic_000254,0,49186.670750,0,285,259,96.000000
session_synthetic_000254_round_000001,synthetic_000254,1,49186.670750,544,194,176,690.000000
session_synthetic_000254_round_000002,synthetic_000254,2,49186.670750,914,655,175,613.000000
session_synthetic_000255_round_000000,synthetic_000255,0,49280.031506,0,909,116,351.000000
session_synthetic_000255_round_000001,synthetic_000255,1,49280.031506,1025,430,78,150.000000
session_synthetic_000255_round_000002,synthetic_000255,2,49280.031506,1533,444,128,581.000000
session_synthetic_000255_round_000003,synthetic_000255,3,49280.031506,2105,141,107,139.000000
session_synthetic_000256_round_000000,synthetic_000256,0,49592.973105,0,873,164,446.000000
session_synthetic_000256_round_000001,synthetic_000256,1,49592.973105,1037,645,190,93.000000
session_synthetic_000256_round_000002,synthetic_000256,2,49592.973105,1872,301,179,113.000000
session_synthetic_000256_round_000003,synthetic_000256,3,49592.973105,2352,591,100,481.000000
session_synthetic_000256_round_000004,synthetic_000256,4,49592.973105,3043,955,123,429.000000
session_synthetic_000256_round_000005,synthetic_000256,5,49592.973105,4121,737,194,238.000000
session_synthetic_000256_round_000006,synthetic_000256,6,49592.973105,5052,423,192,169.000000
session_synthetic_000257_round_000000,synthetic_000257,0,49691.511726,0,203,206,144.000000
session_synthetic_000257_round_000001,synthetic_000257,1,49691.511726,409,129,399,565.000000
session_synthetic_000257_round_000002,synthetic_000257,2,49691.511726,937,383,204,66.000000
session_synthetic_000257_round_000003,synthetic_000257,3,49691.511726,1524,711,116,273.000000
session_synthetic_000257_round_000004,synthetic_000257,4,49691.511726,2351,284,149,274.000000
session_synthetic_000257_round_000005,synthetic_000257,5,49691.511726,2784,183,478,149.000000
session_synthetic_000258_round_000000,synthetic_000258,0,49738.357722,0,878,339,118.000000
session_synthetic_000258_round_000001,synthetic_000258,1,49738.357722,1217,510,105,105.000000
session_synthetic_000258_round_000002,synthetic_000258,2,49738.357722,1832,761,158,567.000000
session_synthetic_000259_round_000000,synthetic_000259,0,49973.299668,0,128,191,258.000000
session_synthetic_000259_round_000001,synthetic_000259,1,49973.299668,319,359,460,528.000000
session_synthetic_000259_round_000002,synthetic_000259,2,49973.299668,1138,1104,70,407.000000
