request_id,session_id,round_idx,arrival_time_ms,prefix_len,input_len,output_len,tool_wait_after_ms
session_synthetic_003000_round_000000,synthetic_003000,0,0.000000,0,674,153,616.000000
session_synthetic_003000_round_000001,synthetic_003000,1,0.000000,827,1257,284,291.000000
session_synthetic_003000_round_000002,synthetic_003000,2,0.000000,2368,757,119,614.000000
session_synthetic_003000_round_000003,synthetic_003000,3,0.000000,3244,701,166,503.000000
session_synthetic_003001_round_000000,synthetic_003001,0,192.421576,0,766,138,171.000000
session_synthetic_003001_round_000001,synthetic_003001,1,192.421576,904,634,175,186.000000
session_synthetic_003001_round_000002,synthetic_003001,2,192.421576,1713,713,104,292.000000
session_synthetic_003001_round_000003,synthetic_003001,3,192.421576,2530,271,167,188.000000
session_synthetic_003001_round_000004,synthetic_003001,4,192.421576,2968,323,125,248.000000
session_synthetic_003001_round_000005,synthetic_003001,5,192.421576,3416,766,132,224.000000
session_synthetic_003002_round_000000,synthetic_003002,0,480.506369,0,212,203,237.000000
session_synthetic_003002_round_000001,synthetic_003002,1,480.506369,415,249,248,157.000000
session_synthetic_003002_round_000002,synthetic_003002,2,480.506369,912,521,158,139.000000
session_synthetic_003002_round_000003,synthetic_003002,3,480.506369,1591,595,155,124.000000
session_synthetic_003002_round_000004,synthetic_003002,4,480.506369,2341,1119,283,680.000000
session_synthetic_003002_round_000005,synthetic_003002,5,480.506369,3743,454,147,249.000000
session_synthetic_003002_round_000006,synthetic_003002,6,480.506369,4344,240,356,237.000000
session_synthetic_003003_round_000000,synthetic_003003,0,907.161329,0,1006,132,69.000000
session_synthetic_003003_round_000001,synthetic_003003,1,907.161329,1138,431,150,270.000000
session_synthetic_003003_round_000002,synthetic_003003,2,907.161329,1719,601,410,367.000000
session_synthetic_003003_round_000003,synthetic_003003,3,907.161329,2730,355,148,582.000000
session_synthetic_003003_round_000004,synthetic_003003,4,907.161329,3233,1393,80,621.000000
session_synthetic_003003_round_000005,synthetic_003003,5,907.161329,4706,795,147,435.000000
session_synthetic_003003_round_000006,synthetic_003003,6,907.161329,5648,384,208,184.000000
session_synthetic_003003_round_000007,synthetic_003003,7,907.161329,6240,2269,153,344.000000
session_synthetic_003004_round_000000,synthetic_003004,0,920.370221,0,745,323,404.000000
session_synthetic_003004_round_000001,synthetic_003004,1,920.370221,1068,354,96,325.000000
session_synthetic_003004_round_000002,synthetic_003004,2,920.370221,1518,214,140,177.000000
session_synthetic_003004_round_000003,synthetic_003004,3,920.370221,1872,452,151,458.000000
session_synthetic_003004_round_000004,synthetic_003004,4,920.370221,2475,250,109,241.000000
session_synthetic_003004_round_000005,synthetic_003004,5,920.370221,2834,124,288,541.000000
session_synthetic_003005_round_000000,synthetic_003005,0,998.920616,0,798,368,224.000000
session_synthetic_003005_round_000001,synthetic_003005,1,998.920616,1166,895,192,121.000000
session_synthetic_003005_round_000002,synthetic_003005,2,998.920616,2253,381,321,578.000000
session_synthetic_003005_round_000003,synthetic_003005,3,998.920616,2955,1183,315,157.000000
session_synthetic_003005_round_000004,synthetic_003005,4,998.920616,4453,510,205,212.000000
session_synthetic_003005_round_000005,synthetic_003005,5,998.920616,5168,1989,114,133.000000
session_synthetic_003006_round_000000,synthetic_003006,0,1047.079884,0,121,242,851.000000
session_synthetic_003006_round_000001,synthetic_003006,1,1047.079884,363,355,179,120.000000
session_synthetic_003006_round_000002,synthetic_003006,2,1047.079884,897,699,85,256.000000
session_synthetic_003006_round_000003,synthetic_003006,3,1047.079884,1681,708,163,540.000000
session_synthetic_003006_round_000004,synthetic_003006,4,1047.079884,2552,857,91,519.000000
session_synthetic_003006_round_000005,synthetic_003006,5,1047.079884,3500,549,164,300.000000
session_synthetic_003006_round_000006,synthetic_003006,6,1047.079884,4213,697,212,213.000000
session_synthetic_003006_round_000007,synthetic_003006,7,1047.079884,5122,959,124,356.000000
session_synthetic_003006_round_000008,synthetic_003006,8,1047.079884,6205,300,109,395.000000
session_synthetic_003007_round_000000,synthetic_003007,0,1050.094059,0,910,149,89.000000
session_synthetic_003007_round_000001,synthetic_003007,1,1050.094059,1059,1244,433,334.000000
session_synthetic_003007_round_000002,synthetic_003007,2,1050.094059,2736,155,229,97.000000
session_synthetic_003007_round_000003,synthetic_003007,3,1050.094059,3120,290,131,283.000000
session_synthetic_003007_round_000004,synthetic_003007,4,1050.094059,3541,452,178,216.000000
session_synthetic_003007_round_000005,synthetic_003007,5,1050.094059,4171,1037,598,220.000000
session_synthetic_003007_round_000006,synthetic_003007,6,1050.094059,5806,794,62,489.000000
session_synthetic_003007_round_000007,synthetic_003007,7,1050.094059,6662,417,124,573.000000
session_synthetic_003007_round_000008,synthetic_003007,8,1050.094059,7203,1403,95,56.000000
session_synthetic_003008_round_000000,synthetic_003008,0,1415.816550,0,371,110,191.000000
session_synthetic_003008_round_000001,synthetic_003008,1,1415.816550,481,1542,336,284.000000
session_synthetic_003008_round_000002,synthetic_003008,2,1415.816550,2359,595,129,264.000000
session_synthetic_003008_round_000003,synthetic_003008,3,1415.816550,3083,944,79,599.000000
session_synthetic_003008_round_000004,synthetic_003008,4,1415.816550,4106,798,159,531.000000
session_synthetic_003008_round_000005,synthetic_003008,5,1415.816550,5063,1555,263,1024.000000
session_synthetic_003008_round_000006,synthetic_003008,6,1415.816550,6881,577,223,175.000000
session_synthetic_003008_round_000007,synthetic_003008,7,1415.816550,7681,447,161,335.000000
session_synthetic_003009_round_000000,synthetic_003009,0,1453.593572,0,1553,99,235.000000
session_synthetic_003009_round_000001,synthetic_003009,1,1453.593572,1652,650,327,256.000000
session_synthetic_003009_round_000002,synthetic_003009,2,1453.593572,2629,745,355,195.000000
session_synthetic_003009_round_000003,synthetic_003009,3,1453.593572,3729,575,133,182.000000
session_synthetic_003010_round_000000,synthetic_003010,0,1534.157873,0,1091,136,173.000000
session_synthetic_003010_round_000001,synthetic_003010,1,1534.157873,1227,199,175,148.000000
session_synthetic_003010_round_000002,synthetic_003010,2,1534.157873,1601,197,101,322.000000
session_synthetic_003010_round_000003,synthetic_003010,3,1534.157873,1899,2370,160,227.000000
session_synthetic_003010_round_000004,synthetic_003010,4,1534.157873,4429,559,203,477.000000
session_synthetic_003010_round_000005,synthetic_003010,5,1534.157873,5191,1473,131,521.000000
session_synthetic_003010_round_000006,synthetic_003010,6,1534.157873,6795,887,126,329.000000
session_synthetic_003011_round_000000,synthetic_003011,0,1744.245010,0,286,154,192.000000
session_synthetic_003011_round_000001,synthetic_003011,1,1744.245010,440,441,77,802.000000
session_synthetic_003011_round_000002,synthetic_003011,2,1744.245010,958,207,125,361.000000
session_synthetic_003011_round_000003,synthetic_003011,3,1744.245010,1290,1026,216,408.000000
session_synthetic_003012_round_000000,synthetic_003012,0,2351.690513,0,392,202,118.000000
session_synthetic_003012_round_000001,synthetic_003012,1,2351.690513,594,287,136,459.000000
session_synthetic_003012_round_000002,synthetic_003012,2,2351.690513,1017,4249,135,207.000000
session_synthetic_003012_round_000003,synthetic_003012,3,2351.690513,5401,247,129,387.000000
session_synthetic_003012_round_000004,synthetic_003012,4,2351.690513,5777,846,241,298.000000
session_synthetic_003012_round_000005,synthetic_003012,5,2351.690513,6864,1403,413,795.000000
session_synthetic_003012_round_000006,synthetic_003012,6,2351.690513,8680,176,196,172.000000
session_synthetic_003012_round_000007,synthetic_003012,7,2351.690513,9052,448,375,136.000000
session_synthetic_003013_round_000000,synthetic_003013,0,2370.587231,0,1021,350,160.000000
session_synthetic_003013_round_000001,synthetic_003013,1,2370.587231,1371,664,527,385.000000
session_synthetic_003013_round_000002,synthetic_003013,2,2370.587231,2562,1245,155,792.000000
session_synthetic_003013_round_000003,synthetic_003013,3,2370.587231,3962,259,244,334.000000
session_synthetic_003013_round_000004,synthetic_003013,4,2370.587231,4465,1977,77,1003.000000
session_synthetic_003014_round_000000,synthetic_003014,0,3072.725238,0,278,230,383.000000
session_synthetic_003014_round_000001,synthetic_003014,1,3072.725238,508,1505,130,216.000000
session_synthetic_003014_round_000002,synthetic_003014,2,3072.725238,2143,1516,194,579.000000
session_synthetic_003014_round_000003,synthetic_003014,3,3072.725238,3853,92,82,362.000000
session_synthetic_003014_round_000004,synthetic_003014,4,3072.725238,4027,127,189,218.000000
session_synthetic_003014_round_000005,synthetic_003014,5,3072.725238,4343,454,226,265.000000
session_synthetic_003014_round_000006,synthetic_003014,6,3072.725238,5023,788,88,128.000000
session_synthetic_003014_round_000007,synthetic_003014,7,3072.725238,5899,574,126,553.000000
session_synthetic_003015_round_000000,synthetic_003015,0,3647.510611,0,765,141,297.000000
session_synthetic_003015_round_000001,synthetic_003015,1,3647.510611,906,407,156,1626.000000
session_synthetic_003015_round_000002,synthetic_003015,2,3647.510611,1469,428,151,338.000000
session_synthetic_003015_round_000003,synthetic_003015,3,3647.510611,2048,326,123,335.000000
session_synthetic_003015_round_000004,synthetic_003015,4,3647.510611,2497,538,101,135.000000
session_synthetic_003015_round_000005,synthetic_003015,5,3647.510611,3136,1071,276,122.000000
session_synthetic_003015_round_000006,synthetic_003015,6,3647.510611,4483,150,144,296.000000
session_synthetic_003015_round_000007,synthetic_003015,7,3647.510611,4777,490,106,1085.000000
session_synthetic_003015_round_000008,synthetic_003015,8,3647.510611,5373,783,173,351.000000
session_synthetic_003016_round_000000,synthetic_003016,0,5575.405255,0,238,93,322.000000
session_synthetic_003016_round_000001,synthetic_003016,1,5575.405255,331,774,240,458.000000
session_synthetic_003016_round_000002,synthetic_003016,2,5575.405255,1345,241,178,166.000000
session_synthetic_003016_round_000003,synthetic_003016,3,5575.405255,1764,933,121,225.000000
session_synthetic_003017_round_000000,synthetic_003017,0,5787.999486,0,1576,200,305.000000
session_synthetic_003017_round_000001,synthetic_003017,1,5787.999486,1776,357,330,202.000000
session_synthetic_003017_round_000002,synthetic_003017,2,5787.999486,2463,318,153,141.000000
session_synthetic_003017_round_000003,synthetic_003017,3,5787.999486,2934,414,83,376.000000
session_synthetic_003017_round_000004,synthetic_003017,4,5787.999486,3431,433,166,358.000000
session_synthetic_003017_round_000005,synthetic_003017,5,5787.999486,4030,311,92,170.000000
session_synthetic_003017_round_000006,synthetic_003017,6,5787.999486,4433,337,123,231.000000
session_synthetic_003017_round_000007,synthetic_003017,7,5787.999486,4893,147,141,164.000000
session_synthetic_003017_round_000008,synthetic_003017,8,5787.999486,5181,235,149,221.000000
session_synthetic_003018_round_000000,synthetic_003018,0,5903.450230,0,189,161,153.000000
session_synthetic_003018_round_000001,synthetic_003018,1,5903.450230,350,669,96,390.000000
session_synthetic_003018_round_000002,synthetic_003018,2,5903.450230,1115,2066,260,300.000000
session_synthetic_003018_round_000003,synthetic_003018,3,5903.450230,3441,528,131,132.000000
session_synthetic_003018_round_000004,synthetic_003018,4,5903.450230,4100,1084,112,210.000000
session_synthetic_003018_round_000005,synthetic_003018,5,5903.450230,5296,203,261,155.000000
session_synthetic_003019_round_000000,synthetic_003019,0,6092.634295,0,639,278,420.000000
session_synthetic_003019_round_000001,synthetic_003019,1,6092.634295,917,614,111,378.000000
session_synthetic_003019_round_000002,synthetic_003019,2,6092.634295,1642,281,98,109.000000
session_synthetic_003019_round_000003,synthetic_003019,3,6092.634295,2021,502,148,562.000000
session_synthetic_003019_round_000004,synthetic_003019,4,6092.634295,2671,1304,92,274.000000
session_synthetic_003019_round_000005,synthetic_003019,5,6092.634295,4067,391,236,186.000000
session_synthetic_003019_round_000006,synthetic_003019,6,6092.634295,4694,1322,128,354.000000
session_synthetic_003020_round_000000,synthetic_003020,0,6114.418225,0,392,93,956.000000
session_synthetic_003020_round_000001,synthetic_003020,1,6114.418225,485,268,207,268.000000
session_synthetic_003020_round_000002,synthetic_003020,2,6114.418225,960,359,276,244.000000
session_synthetic_003020_round_000003,synthetic_003020,3,6114.418225,1595,527,266,546.000000
session_synthetic_003020_round_000004,synthetic_003020,4,6114.418225,2388,344,157,209.000000
session_synthetic_003020_round_000005,synthetic_003020,5,6114.418225,2889,262,114,316.000000
session_synthetic_003020_round_000006,synthetic_003020,6,6114.418225,3265,441,177,298.000000
session_synthetic_003020_round_000007,synthetic_003020,7,6114.418225,3883,304,177,166.000000
session_synthetic_003020_round_000008,synthetic_003020,8,6114.418225,4364,513,87,335.000000
session_synthetic_003021_round_000000,synthetic_003021,0,6592.107768,0,652,94,372.000000
session_synthetic_003021_round_000001,synthetic_003021,1,6592.107768,746,726,233,185.000000
session_synthetic_003021_round_000002,synthetic_003021,2,6592.107768,1705,443,171,174.000000
session_synthetic_003021_round_000003,synthetic_003021,3,6592.107768,2319,553,213,125.000000
session_synthetic_003022_round_000000,synthetic_003022,0,7257.577277,0,287,192,206.000000
session_synthetic_003022_round_000001,synthetic_003022,1,7257.577277,479,170,427,269.000000
session_synthetic_003022_round_000002,synthetic_003022,2,7257.577277,1076,1061,118,539.000000
session_synthetic_003022_round_000003,synthetic_003022,3,7257.577277,2255,430,292,235.000000
session_synthetic_003022_round_000004,synthetic_003022,4,7257.577277,2977,468,96,162.000000
session_synthetic_003023_round_000000,synthetic_003023,0,7773.565785,0,320,68,491.000000
session_synthetic_003023_round_000001,synthetic_003023,1,7773.565785,388,562,393,289.000000
session_synthetic_003023_round_000002,synthetic_003023,2,7773.565785,1343,2140,250,386.000000
session_synthetic_003023_round_000003,synthetic_003023,3,7773.565785,3733,1224,74,257.000000
session_synthetic_003023_round_000004,synthetic_003023,4,7773.565785,5031,464,194,52.000000
session_synthetic_003023_round_000005,synthetic_003023,5,7773.565785,5689,336,166,256.000000
session_synthetic_003024_round_000000,synthetic_003024,0,7841.639155,0,348,237,384.000000
session_synthetic_003024_round_000001,synthetic_003024,1,7841.639155,585,457,240,165.000000
session_synthetic_003024_round_000002,synthetic_003024,2,7841.639155,1282,2225,359,401.000000
session_synthetic_003024_round_000003,synthetic_003024,3,7841.639155,3866,432,160,112.000000
session_synthetic_003024_round_000004,synthetic_003024,4,7841.639155,4458,1154,155,289.000000
session_synthetic_003024_round_000005,synthetic_003024,5,7841.639155,5767,333,202,414.000000
session_synthetic_003024_round_000006,synthetic_003024,6,7841.639155,6302,733,219,62.000000
session_synthetic_003025_round_000000,synthetic_003025,0,7931.458679,0,271,229,584.000000
session_synthetic_003025_round_000001,synthetic_003025,1,7931.458679,500,693,108,564.000000
session_synthetic_003025_round_000002,synthetic_003025,2,7931.458679,1301,505,246,458.000000
session_synthetic_003025_round_000003,synthetic_003025,3,7931.458679,2052,555,215,561.000000
session_synthetic_003025_round_000004,synthetic_003025,4,7931.458679,2822,809,160,483.000000
session_synthetic_003026_round_000000,synthetic_003026,0,8254.737991,0,577,476,166.000000
session_synthetic_003026_round_000001,synthetic_003026,1,8254.737991,1053,802,173,273.000000
session_synthetic_003026_round_000002,synthetic_003026,2,8254.737991,2028,934,192,172.000000
session_synthetic_003026_round_000003,synthetic_003026,3,8254.737991,3154,532,103,307.000000
session_synthetic_003026_round_000004,synthetic_003026,4,8254.737991,3789,1345,324,253.000000
session_synthetic_003026_round_000005,synthetic_003026,5,8254.737991,5458,568,246,462.000000
session_synthetic_003027_round_000000,synthetic_003027,0,8311.635074,0,444,316,208.000000
session_synthetic_003027_round_000001,synthetic_003027,1,8311.635074,760,556,146,315.000000
session_synthetic_003027_round_000002,synthetic_003027,2,8311.635074,1462,492,114,458.000000
session_synthetic_003027_round_000003,synthetic_003027,3,8311.635074,2068,534,171,91.000000
session_synthetic_003027_round_000004,synthetic_003027,4,8311.635074,2773,884,231,131.000000
session_synthetic_003027_round_000005,synthetic_003027,5,8311.635074,3888,1163,142,105.000000
session_synthetic_003027_round_000006,synthetic_003027,6,8311.635074,5193,156,409,371.000000
session_synthetic_003028_round_000000,synthetic_003028,0,8603.560867,0,764,164,431.000000
session_synthetic_003028_round_000001,synthetic_003028,1,8603.560867,928,569,101,275.000000
session_synthetic_003028_round_000002,synthetic_003028,2,8603.560867,1598,229,189,109.000000
session_synthetic_003028_round_000003,synthetic_003028,3,8603.560867,2016,453,118,679.000000
session_synthetic_003029_round_000000,synthetic_003029,0,8639.611917,0,204,317,333.000000
session_synthetic_003029_round_000001,synthetic_003029,1,8639.611917,521,558,76,165.000000
session_synthetic_003029_round_000002,synthetic_003029,2,8639.611917,1155,1002,172,247.000000
session_synthetic_003029_round_000003,synthetic_003029,3,8639.611917,2329,534,298,900.000000
session_synthetic_003029_round_000004,synthetic_003029,4,8639.611917,3161,856,244,447.000000
session_synthetic_003030_round_000000,synthetic_003030,0,8652.456837,0,324,195,408.000000
session_synthetic_003030_round_000001,synthetic_003030,1,8652.456837,519,358,131,249.000000
session_synthetic_003030_round_000002,synthetic_003030,2,8652.456837,1008,945,45,181.000000
session_synthetic_003030_round_000003,synthetic_003030,3,8652.456837,1998,880,92,102.000000
session_synthetic_003030_round_000004,synthetic_003030,4,8652.456837,2970,1511,405,264.000000
session_synthetic_003030_round_000005,synthetic_003030,5,8652.456837,4886,327,64,567.000000
session_synthetic_003030_round_000006,synthetic_003030,6,8652.456837,5277,170,117,203.000000
session_synthetic_003030_round_000007,synthetic_003030,7,8652.456837,5564,169,103,121.000000
session_synthetic_003031_round_000000,synthetic_003031,0,8855.458564,0,1265,109,516.000000
session_synthetic_003031_round_000001,synthetic_003031,1,8855.458564,1374,232,133,237.000000
session_synthetic_003031_round_000002,synthetic_003031,2,8855.458564,1739,105,160,295.000000
session_synthetic_003031_round_000003,synthetic_003031,3,8855.458564,2004,552,114,442.000000
session_synthetic_003031_round_000004,synthetic_003031,4,8855.458564,2670,416,111,792.000000
session_synthetic_003032_round_000000,synthetic_003032,0,9610.891417,0,326,80,169.000000
session_synthetic_003032_round_000001,synthetic_003032,1,9610.891417,406,226,190,386.000000
session_synthetic_003032_round_000002,synthetic_003032,2,9610.891417,822,294,131,391.000000
session_synthetic_003032_round_000003,synthetic_003032,3,9610.891417,1247,432,195,113.000000
session_synthetic_003032_round_000004,synthetic_003032,4,9610.891417,1874,538,127,238.000000
session_synthetic_003033_round_000000,synthetic_003033,0,9723.191526,0,721,96,54.000000
session_synthetic_003033_round_000001,synthetic_003033,1,9723.191526,817,989,198,298.000000
session_synthetic_003033_round_000002,synthetic_003033,2,9723.191526,2004,238,71,115.000000
session_synthetic_003033_round_000003,synthetic_003033,3,9723.191526,2313,336,348,330.000000
session_synthetic_003033_round_000004,synthetic_003033,4,9723.191526,2997,889,249,146.000000
session_synthetic_003033_round_000005,synthetic_003033,5,9723.191526,4135,2777,114,306.000000
session_synthetic_003033_round_000006,synthetic_003033,6,9723.191526,7026,394,157,104.000000
session_synthetic_003033_round_000007,synthetic_003033,7,9723.191526,7577,2892,67,265.000000
session_synthetic_003033_round_000008,synthetic_003033,8,9723.191526,10536,348,148,202.000000
session_synthetic_003034_round_000000,synthetic_003034,0,10139.772710,0,817,214,439.000000
session_synthetic_003034_round_000001,synthetic_003034,1,10139.772710,1031,577,90,83.000000
session_synthetic_003034_round_000002,synthetic_003034,2,10139.772710,1698,1325,153,328.000000
session_synthetic_003034_round_000003,synthetic_003034,3,10139.772710,3176,471,117,266.000000
session_synthetic_003034_round_000004,synthetic_003034,4,10139.772710,3764,545,306,661.000000
session_synthetic_003035_round_000000,synthetic_003035,0,10323.327008,0,455,258,418.000000
session_synthetic_003035_round_000001,synthetic_003035,1,10323.327008,713,440,183,1003.000000
session_synthetic_003035_round_000002,synthetic_003035,2,10323.327008,1336,1698,154,339.000000
session_synthetic_003035_round_000003,synthetic_003035,3,10323.327008,3188,707,200,128.000000
session_synthetic_003035_round_000004,synthetic_003035,4,10323.327008,4095,159,97,320.000000
session_synthetic_003035_round_000005,synthetic_003035,5,10323.327008,4351,292,145,331.000000
session_synthetic_003035_round_000006,synthetic_003035,6,10323.327008,4788,280,171,2022.000000
session_synthetic_003036_round_000000,synthetic_003036,0,10377.674443,0,1478,222,764.000000
session_synthetic_003036_round_000001,synthetic_003036,1,10377.674443,1700,311,183,78.000000
session_synthetic_003036_round_000002,synthetic_003036,2,10377.674443,2194,94,74,114.000000
session_synthetic_003036_round_000003,synthetic_003036,3,10377.674443,2362,643,177,424.000000
session_synthetic_003037_round_000000,synthetic_003037,0,10386.608531,0,417,158,138.000000
session_synthetic_003037_round_000001,synthetic_003037,1,10386.608531,575,958,125,574.000000
session_synthetic_003037_round_000002,synthetic_003037,2,10386.608531,1658,596,243,163.000000
session_synthetic_003037_round_000003,synthetic_003037,3,10386.608531,2497,864,156,83.000000
session_synthetic_003037_round_000004,synthetic_003037,4,10386.608531,3517,1172,99,600.000000
session_synthetic_003037_round_000005,synthetic_003037,5,10386.608531,4788,863,85,363.000000
session_synthetic_003037_round_000006,synthetic_003037,6,10386.608531,5736,902,133,517.000000
session_synthetic_003038_round_000000,synthetic_003038,0,11427.046261,0,203,225,355.000000
session_synthetic_003038_round_000001,synthetic_003038,1,11427.046261,428,592,319,451.000000
session_synthetic_003038_round_000002,synthetic_003038,2,11427.046261,1339,1348,257,192.000000
session_synthetic_003038_round_000003,synthetic_003038,3,11427.046261,2944,2009,93,1311.000000
session_synthetic_003038_round_000004,synthetic_003038,4,11427.046261,5046,781,256,189.000000
session_synthetic_003038_round_000005,synthetic_003038,5,11427.046261,6083,516,193,252.000000
session_synthetic_003039_round_000000,synthetic_003039,0,11774.618366,0,363,611,284.000000
session_synthetic_003039_round_000001,synthetic_003039,1,11774.618366,974,1507,259,154.000000
session_synthetic_003039_round_000002,synthetic_003039,2,11774.618366,2740,797,161,366.000000
session_synthetic_003039_round_000003,synthetic_003039,3,11774.618366,3698,918,155,149.000000
session_synthetic_003040_round_000000,synthetic_003040,0,11835.120296,0,563,153,181.000000
session_synthetic_003040_round_000001,synthetic_003040,1,11835.120296,716,1041,197,176.000000
session_synthetic_003040_round_000002,synthetic_003040,2,11835.120296,1954,474,201,581.000000
session_synthetic_003040_round_000003,synthetic_003040,3,11835.120296,2629,604,103,526.000000
session_synthetic_003040_round_000004,synthetic_003040,4,11835.120296,3336,1373,128,418.000000
session_synthetic_003041_round_000000,synthetic_003041,0,12152.967062,0,173,281,190.000000
session_synthetic_003041_round_000001,synthetic_003041,1,12152.967062,454,497,124,306.000000
session_synthetic_003041_round_000002,synthetic_003041,2,12152.967062,1075,1536,182,174.000000
session_synthetic_003041_round_000003,synthetic_003041,3,12152.967062,2793,2495,353,145.000000
session_synthetic_003042_round_000000,synthetic_003042,0,12206.729807,0,428,461,770.000000
session_synthetic_003042_round_000001,synthetic_003042,1,12206.729807,889,929,127,261.000000
session_synthetic_003042_round_000002,synthetic_003042,2,12206.729807,1945,281,438,242.000000
session_synthetic_003042_round_000003,synthetic_003042,3,12206.729807,2664,791,330,284.000000
session_synthetic_003043_round_000000,synthetic_003043,0,12264.699642,0,503,212,131.000000
session_synthetic_003043_round_000001,synthetic_003043,1,12264.699642,715,1252,185,449.000000
session_synthetic_003043_round_000002,synthetic_003043,2,12264.699642,2152,1165,311,385.000000
session_synthetic_003043_round_000003,synthetic_003043,3,12264.699642,3628,1392,362,447.000000
session_synthetic_003043_round_000004,synthetic_003043,4,12264.699642,5382,437,219,414.000000
session_synthetic_003043_round_000005,synthetic_003043,5,12264.699642,6038,607,178,56.000000
session_synthetic_003043_round_000006,synthetic_003043,6,12264.699642,6823,355,328,235.000000
session_synthetic_003044_round_000000,synthetic_003044,0,12304.267413,0,409,323,282.000000
session_synthetic_003044_round_000001,synthetic_003044,1,12304.267413,732,1135,150,436.000000
session_synthetic_003044_round_000002,synthetic_003044,2,12304.267413,2017,199,80,313.000000
session_synthetic_003044_round_000003,synthetic_003044,3,12304.267413,2296,796,182,122.000000
session_synthetic_003044_round_000004,synthetic_003044,4,12304.267413,3274,301,352,279.000000
session_synthetic_003044_round_000005,synthetic_003044,5,12304.267413,3927,571,113,208.000000
session_synthetic_003044_round_000006,synthetic_003044,6,12304.267413,4611,679,160,275.000000
session_synthetic_003044_round_000007,synthetic_003044,7,12304.267413,5450,530,313,153.000000
session_synthetic_003045_round_000000,synthetic_003045,0,12490.699928,0,277,104,582.000000
session_synthetic_003045_round_000001,synthetic_003045,1,12490.699928,381,648,281,244.000000
session_synthetic_003045_round_000002,synthetic_003045,2,12490.699928,1310,797,239,305.000000
session_synthetic_003045_round_000003,synthetic_003045,3,12490.699928,2346,710,201,171.000000
session_synthetic_003045_round_000004,synthetic_003045,4,12490.699928,3257,249,212,326.000000
session_synthetic_003046_round_000000,synthetic_003046,0,12837.054964,0,684,251,271.000000
session_synthetic_003046_round_000001,synthetic_003046,1,12837.054964,935,256,267,286.000000
session_synthetic_003046_round_000002,synthetic_003046,2,12837.054964,1458,2211,218,240.000000
session_synthetic_003046_round_000003,synthetic_003046,3,12837.054964,3887,282,332,199.000000
session_synthetic_003046_round_000004,synthetic_003046,4,12837.054964,4501,269,117,328.000000
session_synthetic_003046_round_000005,synthetic_003046,5,12837.054964,4887,476,100,264.000000
session_synthetic_003047_round_000000,synthetic_003047,0,13079.738032,0,387,246,106.000000
session_synthetic_003047_round_000001,synthetic_003047,1,13079.738032,633,261,297,570.000000
session_synthetic_003047_round_000002,synthetic_003047,2,13079.738032,1191,652,312,1029.000000
session_synthetic_003047_round_000003,synthetic_003047,3,13079.738032,2155,1375,297,202.000000
session_synthetic_003047_round_000004,synthetic_003047,4,13079.738032,3827,95,182,326.000000
session_synthetic_003047_round_000005,synthetic_003047,5,13079.738032,4104,860,237,227.000000
session_synthetic_003047_round_000006,synthetic_003047,6,13079.738032,5201,290,198,96.000000
session_synthetic_003048_round_000000,synthetic_003048,0,13153.258472,0,743,162,142.000000
session_synthetic_003048_round_000001,synthetic_003048,1,13153.258472,905,665,125,141.000000
session_synthetic_003048_round_000002,synthetic_003048,2,13153.258472,1695,290,523,192.000000
session_synthetic_003048_round_000003,synthetic_003048,3,13153.258472,2508,787,135,185.000000
session_synthetic_003048_round_000004,synthetic_003048,4,13153.258472,3430,1380,117,651.000000
session_synthetic_003048_round_000005,synthetic_003048,5,13153.258472,4927,419,196,330.000000
session_synthetic_003048_round_000006,synthetic_003048,6,13153.258472,5542,850,199,290.000000
session_synthetic_003049_round_000000,synthetic_003049,0,13185.610382,0,766,125,580.000000
session_synthetic_003049_round_000001,synthetic_003049,1,13185.610382,891,895,118,235.000000
session_synthetic_003049_round_000002,synthetic_003049,2,13185.610382,1904,403,105,326.000000
session_synthetic_003050_round_000000,synthetic_003050,0,13291.539812,0,768,129,372.000000
session_synthetic_003050_round_000001,synthetic_003050,1,13291.539812,897,574,69,80.000000
session_synthetic_003050_round_000002,synthetic_003050,2,13291.539812,1540,688,172,699.000000
session_synthetic_003050_round_000003,synthetic_003050,3,13291.539812,2400,534,153,105.000000
session_synthetic_003050_round_000004,synthetic_003050,4,13291.539812,3087,562,121,199.000000
session_synthetic_003051_round_000000,synthetic_003051,0,13347.805854,0,112,234,264.000000
session_synthetic_003051_round_000001,synthetic_003051,1,13347.805854,346,231,170,192.000000
session_synthetic_003051_round_000002,synthetic_003051,2,13347.805854,747,702,176,191.000000
session_synthetic_003052_round_000000,synthetic_003052,0,13467.096546,0,648,343,406.000000
session_synthetic_003052_round_000001,synthetic_003052,1,13467.096546,991,313,143,313.000000
session_synthetic_003052_round_000002,synthetic_003052,2,13467.096546,1447,322,299,206.000000
session_synthetic_003052_round_000003,synthetic_003052,3,13467.096546,2068,337,211,271.000000
session_synthetic_003052_round_000004,synthetic_003052,4,13467.096546,2616,296,186,284.000000
session_synthetic_003052_round_000005,synthetic_003052,5,13467.096546,3098,676,101,134.000000
session_synthetic_003052_round_000006,synthetic_003052,6,13467.096546,3875,359,208,295.000000
session_synthetic_003053_round_000000,synthetic_003053,0,13494.159537,0,817,335,375.000000
session_synthetic_003053_round_000001,synthetic_003053,1,13494.159537,1152,349,110,366.000000
session_synthetic_003053_round_000002,synthetic_003053,2,13494.159537,1611,914,215,94.000000
session_synthetic_003053_round_000003,synthetic_003053,3,13494.159537,2740,153,359,1191.000000
session_synthetic_003053_round_000004,synthetic_003053,4,13494.159537,3252,772,110,95.000000
session_synthetic_003053_round_000005,synthetic_003053,5,13494.159537,4134,419,179,594.000000
session_synthetic_003053_round_000006,synthetic_003053,6,13494.159537,4732,700,133,275.000000
session_synthetic_003053_round_000007,synthetic_003053,7,13494.159537,5565,549,202,1124.000000
session_synthetic_003053_round_000008,synthetic_003053,8,13494.159537,6316,212,234,242.000000
session_synthetic_003054_round_000000,synthetic_003054,0,14488.168360,0,1166,143,315.000000
session_synthetic_003054_round_000001,synthetic_003054,1,14488.168360,1309,342,216,197.000000
session_synthetic_003054_round_000002,synthetic_003054,2,14488.168360,1867,599,149,48.000000
session_synthetic_003054_round_000003,synthetic_003054,3,14488.168360,2615,934,243,573.000000
session_synthetic_003054_round_000004,synthetic_003054,4,14488.168360,3792,1013,84,617.000000
session_synthetic_003054_round_000005,synthetic_003054,5,14488.168360,4889,365,116,593.000000
session_synthetic_003054_round_000006,synthetic_003054,6,14488.168360,5370,88,97,231.000000
session_synthetic_003055_round_000000,synthetic_003055,0,14947.467765,0,1190,221,278.000000
session_synthetic_003055_round_000001,synthetic_003055,1,14947.467765,1411,472,94,315.000000
session_synthetic_003055_round_000002,synthetic_003055,2,14947.467765,1977,181,236,103.000000
session_synthetic_003055_round_000003,synthetic_003055,3,14947.467765,2394,318,135,281.000000
session_synthetic_003055_round_000004,synthetic_003055,4,14947.467765,2847,513,122,523.000000
session_synthetic_003056_round_000000,synthetic_003056,0,14950.533389,0,266,139,312.000000
session_synthetic_003056_round_000001,synthetic_003056,1,14950.533389,405,1766,516,874.000000
session_synthetic_003056_round_000002,synthetic_003056,2,14950.533389,2687,737,100,356.000000
session_synthetic_003056_round_000003,synthetic_003056,3,14950.533389,3524,476,191,279.000000
session_synthetic_003056_round_000004,synthetic_003056,4,14950.533389,4191,156,150,225.000000
session_synthetic_003056_round_000005,synthetic_003056,5,14950.533389,4497,640,194,419.000000
session_synthetic_003057_round_000000,synthetic_003057,0,15148.168829,0,714,275,438.000000
session_synthetic_003057_round_000001,synthetic_003057,1,15148.168829,989,974,92,226.000000
session_synthetic_003057_round_000002,synthetic_003057,2,15148.168829,2055,763,331,713.000000
session_synthetic_003057_round_000003,synthetic_003057,3,15148.168829,3149,1204,89,203.000000
session_synthetic_003057_round_000004,synthetic_003057,4,15148.168829,4442,198,113,150.000000
session_synthetic_003057_round_000005,synthetic_003057,5,15148.168829,4753,699,107,374.000000
session_synthetic_003057_round_000006,synthetic_003057,6,15148.168829,5559,661,311,213.000000
session_synthetic_003057_round_000007,synthetic_003057,7,15148.168829,6531,1055,128,306.000000
session_synthetic_003058_round_000000,synthetic_003058,0,15187.116712,0,401,110,389.000000
session_synthetic_003058_round_000001,synthetic_003058,1,15187.116712,511,822,89,125.000000
session_synthetic_003058_round_000002,synthetic_003058,2,15187.116712,1422,443,321,412.000000
session_synthetic_003058_round_000003,synthetic_003058,3,15187.116712,2186,180,206,710.000000
session_synthetic_003058_round_000004,synthetic_003058,4,15187.116712,2572,245,135,384.000000
session_synthetic_003058_round_000005,synthetic_003058,5,15187.116712,2952,475,376,210.000000
session_synthetic_003058_round_000006,synthetic_003058,6,15187.116712,3803,1231,105,139.000000
session_synthetic_003058_round_000007,synthetic_003058,7,15187.116712,5139,1351,276,261.000000
session_synthetic_003059_round_000000,synthetic_003059,0,15564.578669,0,672,164,471.000000
session_synthetic_003059_round_000001,synthetic_003059,1,15564.578669,836,442,251,432.000000
session_synthetic_003059_round_000002,synthetic_003059,2,15564.578669,1529,1817,129,512.000000
session_synthetic_003059_round_000003,synthetic_003059,3,15564.578669,3475,1615,101,195.000000
session_synthetic_003059_round_000004,synthetic_003059,4,15564.578669,5191,526,281,70.000000
session_synthetic_003059_round_000005,synthetic_003059,5,15564.578669,5998,609,238,126.000000
session_synthetic_003059_round_000006,synthetic_003059,6,15564.578669,6845,216,251,207.000000
session_synthetic_003059_round_000007,synthetic_003059,7,15564.578669,7312,614,92,340.000000
session_synthetic_003059_round_000008,synthetic_003059,8,15564.578669,8018,219,100,188.000000
session_synthetic_003060_round_000000,synthetic_003060,0,15782.270720,0,1007,146,229.000000
session_synthetic_003060_round_000001,synthetic_003060,1,15782.270720,1153,401,99,410.000000
session_synthetic_003060_round_000002,synthetic_003060,2,15782.270720,1653,259,330,200.000000
session_synthetic_003060_round_000003,synthetic_003060,3,15782.270720,2242,708,86,286.000000
session_synthetic_003060_round_000004,synthetic_003060,4,15782.270720,3036,1391,160,407.000000
session_synthetic_003060_round_000005,synthetic_003060,5,15782.270720,4587,461,115,216.000000
session_synthetic_003060_round_000006,synthetic_003060,6,15782.270720,5163,948,140,351.000000
session_synthetic_003061_round_000000,synthetic_003061,0,15863.651967,0,500,231,240.000000
session_synthetic_003061_round_000001,synthetic_003061,1,15863.651967,731,1452,126,246.000000
session_synthetic_003061_round_000002,synthetic_003061,2,15863.651967,2309,1133,130,161.000000
session_synthetic_003061_round_000003,synthetic_003061,3,15863.651967,3572,628,233,257.000000
session_synthetic_003061_round_000004,synthetic_003061,4,15863.651967,4433,415,198,513.000000
session_synthetic_003061_round_000005,synthetic_003061,5,15863.651967,5046,5960,122,219.000000
session_synthetic_003061_round_000006,synthetic_003061,6,15863.651967,11128,448,276,474.000000
session_synthetic_003062_round_000000,synthetic_003062,0,15869.842787,0,1455,171,320.000000
session_synthetic_003062_round_000001,synthetic_003062,1,15869.842787,1626,345,212,493.000000
session_synthetic_003062_round_000002,synthetic_003062,2,15869.842787,2183,265,211,342.000000
session_synthetic_003062_round_000003,synthetic_003062,3,15869.842787,2659,1016,250,127.000000
session_synthetic_003062_round_000004,synthetic_003062,4,15869.842787,3925,1461,171,321.000000
session_synthetic_003062_round_000005,synthetic_003062,5,15869.842787,5557,553,244,430.000000
session_synthetic_003062_round_000006,synthetic_003062,6,15869.842787,6354,1053,201,119.000000
session_synthetic_003063_round_000000,synthetic_003063,0,16417.381311,0,86,92,363.000000
session_synthetic_003063_round_000001,synthetic_003063,1,16417.381311,178,1160,139,123.000000
session_synthetic_003063_round_000002,synthetic_003063,2,16417.381311,1477,485,217,528.000000
session_synthetic_003063_round_000003,synthetic_003063,3,16417.381311,2179,394,131,797.000000
session_synthetic_003063_round_000004,synthetic_003063,4,16417.381311,2704,939,202,707.000000
session_synthetic_003063_round_000005,synthetic_003063,5,16417.381311,3845,494,126,486.000000
session_synthetic_003063_round_000006,synthetic_003063,6,16417.381311,4465,200,150,337.000000
session_synthetic_003064_round_000000,synthetic_003064,0,16419.195248,0,715,170,333.000000
session_synthetic_003064_round_000001,synthetic_003064,1,16419.195248,885,172,180,275.000000
session_synthetic_003064_round_000002,synthetic_003064,2,16419.195248,1237,414,113,157.000000
session_synthetic_003064_round_000003,synthetic_003064,3,16419.195248,1764,925,175,655.000000
session_synthetic_003064_round_000004,synthetic_003064,4,16419.195248,2864,511,303,551.000000
session_synthetic_003064_round_000005,synthetic_003064,5,16419.195248,3678,592,115,158.000000
session_synthetic_003065_round_000000,synthetic_003065,0,16707.705680,0,372,337,340.000000
session_synthetic_003065_round_000001,synthetic_003065,1,16707.705680,709,948,278,626.000000
session_synthetic_003065_round_000002,synthetic_003065,2,16707.705680,1935,181,141,319.000000
session_synthetic_003065_round_000003,synthetic_003065,3,16707.705680,2257,567,118,382.000000
session_synthetic_003065_round_000004,synthetic_003065,4,16707.705680,2942,139,214,277.000000
session_synthetic_003066_round_000000,synthetic_003066,0,17346.655951,0,699,77,47.000000
session_synthetic_003066_round_000001,synthetic_003066,1,17346.655951,776,3241,141,276.000000
session_synthetic_003066_round_000002,synthetic_003066,2,17346.655951,4158,2196,186,152.000000
session_synthetic_003066_round_000003,synthetic_003066,3,17346.655951,6540,214,280,396.000000
session_synthetic_003066_round_000004,synthetic_003066,4,17346.655951,7034,1467,228,401.000000
session_synthetic_003066_round_000005,synthetic_003066,5,17346.655951,8729,479,207,630.000000
session_synthetic_003066_round_000006,synthetic_003066,6,17346.655951,9415,508,189,787.000000
session_synthetic_003067_round_000000,synthetic_003067,0,17409.259025,0,714,220,443.000000
session_synthetic_003067_round_000001,synthetic_003067,1,17409.259025,934,231,106,892.000000
session_synthetic_003067_round_000002,synthetic_003067,2,17409.259025,1271,801,223,392.000000
session_synthetic_003068_round_000000,synthetic_003068,0,17422.490201,0,660,262,197.000000
session_synthetic_003068_round_000001,synthetic_003068,1,17422.490201,922,734,86,249.000000
session_synthetic_003068_round_000002,synthetic_003068,2,17422.490201,1742,168,223,228.000000
session_synthetic_003068_round_000003,synthetic_003068,3,17422.490201,2133,329,240,184.000000
session_synthetic_003068_round_000004,synthetic_003068,4,17422.490201,2702,76,181,363.000000
session_synthetic_003068_round_000005,synthetic_003068,5,17422.490201,2959,451,128,503.000000
session_synthetic_003068_round_000006,synthetic_003068,6,17422.490201,3538,272,170,187.000000
session_synthetic_003068_round_000007,synthetic_003068,7,17422.490201,3980,538,238,475.000000
session_synthetic_003069_round_000000,synthetic_003069,0,17532.030214,0,582,191,209.000000
session_synthetic_003069_round_000001,synthetic_003069,1,17532.030214,773,431,271,225.000000
session_synthetic_003069_round_000002,synthetic_003069,2,17532.030214,1475,1252,157,362.000000
session_synthetic_003069_round_000003,synthetic_003069,3,17532.030214,2884,416,221,76.000000
session_synthetic_003070_round_000000,synthetic_003070,0,17532.554879,0,181,124,324.000000
session_synthetic_003070_round_000001,synthetic_003070,1,17532.554879,305,373,169,615.000000
session_synthetic_003070_round_000002,synthetic_003070,2,17532.554879,847,109,221,645.000000
session_synthetic_003070_round_000003,synthetic_003070,3,17532.554879,1177,1142,373,322.000000
session_synthetic_003070_round_000004,synthetic_003070,4,17532.554879,2692,823,103,53.000000
session_synthetic_003070_round_000005,synthetic_003070,5,17532.554879,3618,311,182,141.000000
session_synthetic_003070_round_000006,synthetic_003070,6,17532.554879,4111,770,124,699.000000
session_synthetic_003071_round_000000,synthetic_003071,0,17605.355528,0,825,198,77.000000
session_synthetic_003071_round_000001,synthetic_003071,1,17605.355528,1023,622,166,150.000000
session_synthetic_003071_round_000002,synthetic_003071,2,17605.355528,1811,643,328,119.000000
session_synthetic_003071_round_000003,synthetic_003071,3,17605.355528,2782,427,157,149.000000
session_synthetic_003071_round_000004,synthetic_003071,4,17605.355528,3366,80,138,166.000000
session_synthetic_003071_round_000005,synthetic_003071,5,17605.355528,3584,450,227,256.000000
session_synthetic_003071_round_000006,synthetic_003071,6,17605.355528,4261,177,224,118.000000
session_synthetic_003072_round_000000,synthetic_003072,0,17776.487691,0,2637,357,893.000000
session_synthetic_003072_round_000001,synthetic_003072,1,17776.487691,2994,244,224,162.000000
session_synthetic_003072_round_000002,synthetic_003072,2,17776.487691,3462,210,124,325.000000
session_synthetic_003072_round_000003,synthetic_003072,3,17776.487691,3796,304,150,751.000000
session_synthetic_003072_round_000004,synthetic_003072,4,17776.487691,4250,311,204,151.000000
session_synthetic_003072_round_000005,synthetic_003072,5,17776.487691,4765,560,134,289.000000
session_synthetic_003073_round_000000,synthetic_003073,0,17798.238674,0,425,131,154.000000
session_synthetic_003073_round_000001,synthetic_003073,1,17798.238674,556,1016,190,412.000000
session_synthetic_003073_round_000002,synthetic_003073,2,17798.238674,1762,896,170,253.000000
session_synthetic_003074_round_000000,synthetic_003074,0,17995.018833,0,643,138,193.000000
session_synthetic_003074_round_000001,synthetic_003074,1,17995.018833,781,281,104,624.000000
session_synthetic_003074_round_000002,synthetic_003074,2,17995.018833,1166,542,130,281.000000
session_synthetic_003074_round_000003,synthetic_003074,3,17995.018833,1838,2436,96,214.000000
session_synthetic_003075_round_000000,synthetic_003075,0,18184.303088,0,1323,179,96.000000
session_synthetic_003075_round_000001,synthetic_003075,1,18184.303088,1502,130,72,558.000000
session_synthetic_003075_round_000002,synthetic_003075,2,18184.303088,1704,1284,80,768.000000
session_synthetic_003076_round_000000,synthetic_003076,0,18237.342060,0,1144,111,166.000000
session_synthetic_003076_round_000001,synthetic_003076,1,18237.342060,1255,321,214,429.000000
session_synthetic_003076_round_000002,synthetic_003076,2,18237.342060,1790,264,311,156.000000
session_synthetic_003076_round_000003,synthetic_003076,3,18237.342060,2365,554,236,147.000000
session_synthetic_003076_round_000004,synthetic_003076,4,18237.342060,3155,393,237,288.000000
session_synthetic_003076_round_000005,synthetic_003076,5,18237.342060,3785,302,96,335.000000
session_synthetic_003076_round_000006,synthetic_003076,6,18237.342060,4183,484,108,167.000000
session_synthetic_003076_round_000007,synthetic_003076,7,18237.342060,4775,263,159,439.000000
session_synthetic_003077_round_000000,synthetic_003077,0,18948.563769,0,524,125,530.000000
session_synthetic_003077_round_000001,synthetic_003077,1,18948.563769,649,791,206,151.000000
session_synthetic_003077_round_000002,synthetic_003077,2,18948.563769,1646,173,138,351.000000
session_synthetic_003077_round_000003,synthetic_003077,3,18948.563769,1957,1114,251,210.000000
session_synthetic_003077_round_000004,synthetic_003077,4,18948.563769,3322,225,108,264.000000
session_synthetic_003077_round_000005,synthetic_003077,5,18948.563769,3655,1044,195,124.000000
session_synthetic_003078_round_000000,synthetic_003078,0,18988.118238,0,829,396,181.000000
session_synthetic_003078_round_000001,synthetic_003078,1,18988.118238,1225,772,169,131.000000
session_synthetic_003078_round_000002,synthetic_003078,2,18988.118238,2166,3115,508,71.000000
session_synthetic_003078_round_000003,synthetic_003078,3,18988.118238,5789,394,223,263.000000
session_synthetic_003078_round_000004,synthetic_003078,4,18988.118238,6406,160,130,505.000000
session_synthetic_003078_round_000005,synthetic_003078,5,18988.118238,6696,409,125,184.000000
session_synthetic_003078_round_000006,synthetic_003078,6,18988.118238,7230,263,231,421.000000
session_synthetic_003078_round_000007,synthetic_003078,7,18988.118238,7724,963,89,479.000000
session_synthetic_003079_round_000000,synthetic_003079,0,18997.031173,0,285,205,200.000000
session_synthetic_003079_round_000001,synthetic_003079,1,18997.031173,490,748,163,413.000000
session_synthetic_003079_round_000002,synthetic_003079,2,18997.031173,1401,629,137,427.000000
session_synthetic_003079_round_000003,synthetic_003079,3,18997.031173,2167,1105,291,208.000000
session_synthetic_003079_round_000004,synthetic_003079,4,18997.031173,3563,561,99,269.000000
session_synthetic_003079_round_000005,synthetic_003079,5,18997.031173,4223,1046,144,320.000000
session_synthetic_003079_round_000006,synthetic_003079,6,18997.031173,5413,249,168,305.000000
session_synthetic_003079_round_000007,synthetic_003079,7,18997.031173,5830,418,181,328.000000
session_synthetic_003079_round_000008,synthetic_003079,8,18997.031173,6429,145,144,642.000000
session_synthetic_003080_round_000000,synthetic_003080,0,19122.856411,0,312,94,276.000000
session_synthetic_003080_round_000001,synthetic_003080,1,19122.856411,406,149,311,327.000000
session_synthetic_003080_round_000002,synthetic_003080,2,19122.856411,866,510,62,303.000000
session_synthetic_003080_round_000003,synthetic_003080,3,19122.856411,1438,1020,74,184.000000
session_synthetic_003080_round_000004,synthetic_003080,4,19122.856411,2532,191,214,212.000000
session_synthetic_003080_round_000005,synthetic_003080,5,19122.856411,2937,1235,205,286.000000
session_synthetic_003080_round_000006,synthetic_003080,6,19122.856411,4377,531,104,170.000000
session_synthetic_003080_round_000007,synthetic_003080,7,19122.856411,5012,468,169,212.000000
session_synthetic_003080_round_000008,synthetic_003080,8,19122.856411,5649,273,161,645.000000
session_synthetic_003081_round_000000,synthetic_003081,0,19174.612896,0,425,89,719.000000
session_synthetic_003081_round_000001,synthetic_003081,1,19174.612896,514,483,125,54.000000
session_synthetic_003081_round_000002,synthetic_003081,2,19174.612896,1122,888,256,135.000000
session_synthetic_003081_round_000003,synthetic_003081,3,19174.612896,2266,1323,153,208.000000
session_synthetic_003081_round_000004,synthetic_003081,4,19174.612896,3742,471,195,196.000000
session_synthetic_003081_round_000005,synthetic_003081,5,19174.612896,4408,230,260,201.000000
session_synthetic_003082_round_000000,synthetic_003082,0,19368.220913,0,1928,322,589.000000
session_synthetic_003082_round_000001,synthetic_003082,1,19368.220913,2250,696,163,606.000000
session_synthetic_003082_round_000002,synthetic_003082,2,19368.220913,3109,932,82,233.000000
session_synthetic_003082_round_000003,synthetic_003082,3,19368.220913,4123,1123,157,766.000000
session_synthetic_003082_round_000004,synthetic_003082,4,19368.220913,5403,242,391,126.000000
session_synthetic_003083_round_000000,synthetic_003083,0,19511.974121,0,719,347,1084.000000
session_synthetic_003083_round_000001,synthetic_003083,1,19511.974121,1066,650,312,94.000000
session_synthetic_003083_round_000002,synthetic_003083,2,19511.974121,2028,541,270,304.000000
session_synthetic_003083_round_000003,synthetic_003083,3,19511.974121,2839,863,228,657.000000
session_synthetic_003084_round_000000,synthetic_003084,0,20007.723974,0,574,121,272.000000
session_synthetic_003084_round_000001,synthetic_003084,1,20007.723974,695,355,213,203.000000
session_synthetic_003084_round_000002,synthetic_003084,2,20007.723974,1263,235,340,333.000000
session_synthetic_003084_round_000003,synthetic_003084,3,20007.723974,1838,214,173,380.000000
session_synthetic_003084_round_000004,synthetic_003084,4,20007.723974,2225,504,200,437.000000
session_synthetic_003084_round_000005,synthetic_003084,5,20007.723974,2929,588,122,196.000000
session_synthetic_003084_round_000006,synthetic_003084,6,20007.723974,3639,866,167,328.000000
session_synthetic_003084_round_000007,synthetic_003084,7,20007.723974,4672,392,86,203.000000
session_synthetic_003085_round_000000,synthetic_003085,0,20015.645379,0,688,97,385.000000
session_synthetic_003085_round_000001,synthetic_003085,1,20015.645379,785,264,176,231.000000
session_synthetic_003085_round_000002,synthetic_003085,2,20015.645379,1225,912,197,113.000000
session_synthetic_003085_round_000003,synthetic_003085,3,20015.645379,2334,362,365,206.000000
session_synthetic_003085_round_000004,synthetic_003085,4,20015.645379,3061,354,152,207.000000
session_synthetic_003086_round_000000,synthetic_003086,0,20068.192066,0,360,308,476.000000
session_synthetic_003086_round_000001,synthetic_003086,1,20068.192066,668,837,118,108.000000
session_synthetic_003086_round_000002,synthetic_003086,2,20068.192066,1623,515,270,189.000000
session_synthetic_003086_round_000003,synthetic_003086,3,20068.192066,2408,293,126,215.000000
session_synthetic_003086_round_000004,synthetic_003086,4,20068.192066,2827,451,250,518.000000
session_synthetic_003086_round_000005,synthetic_003086,5,20068.192066,3528,718,245,230.000000
session_synthetic_003086_round_000006,synthetic_003086,6,20068.192066,4491,1197,109,239.000000
session_synthetic_003087_round_000000,synthetic_003087,0,20548.908505,0,583,208,310.000000
session_synthetic_003087_round_000001,synthetic_003087,1,20548.908505,791,189,301,599.000000
session_synthetic_003087_round_000002,synthetic_003087,2,20548.908505,1281,125,123,65.000000
session_synthetic_003087_round_000003,synthetic_003087,3,20548.908505,1529,852,281,672.000000
session_synthetic_003087_round_000004,synthetic_003087,4,20548.908505,2662,297,458,201.000000
session_synthetic_003088_round_000000,synthetic_003088,0,20915.621048,0,173,229,181.000000
session_synthetic_003088_round_000001,synthetic_003088,1,20915.621048,402,655,102,373.000000
session_synthetic_003088_round_000002,synthetic_003088,2,20915.621048,1159,286,120,350.000000
session_synthetic_003088_round_000003,synthetic_003088,3,20915.621048,1565,846,149,126.000000
session_synthetic_003088_round_000004,synthetic_003088,4,20915.621048,2560,1099,303,310.000000
session_synthetic_003088_round_000005,synthetic_003088,5,20915.621048,3962,342,85,248.000000
session_synthetic_003089_round_000000,synthetic_003089,0,20942.821973,0,311,253,744.000000
session_synthetic_003089_round_000001,synthetic_003089,1,20942.821973,564,737,198,262.000000
session_synthetic_003089_round_000002,synthetic_003089,2,20942.821973,1499,517,125,549.000000
session_synthetic_003089_round_000003,synthetic_003089,3,20942.821973,2141,508,173,602.000000
session_synthetic_003090_round_000000,synthetic_003090,0,21122.301358,0,986,99,157.000000
session_synthetic_003090_round_000001,synthetic_003090,1,21122.301358,1085,1862,158,786.000000
session_synthetic_003090_round_000002,synthetic_003090,2,21122.301358,3105,1101,150,164.000000
session_synthetic_003090_round_000003,synthetic_003090,3,21122.301358,4356,955,114,530.000000
session_synthetic_003090_round_000004,synthetic_003090,4,21122.301358,5425,155,373,190.000000
session_synthetic_003090_round_000005,synthetic_003090,5,21122.301358,5953,520,312,306.000000
session_synthetic_003091_round_000000,synthetic_003091,0,21140.830421,0,180,252,240.000000
session_synthetic_003091_round_000001,synthetic_003091,1,21140.830421,432,450,161,205.000000
session_synthetic_003091_round_000002,synthetic_003091,2,21140.830421,1043,352,115,253.000000
session_synthetic_003091_round_000003,synthetic_003091,3,21140.830421,1510,232,98,205.000000
session_synthetic_003091_round_000004,synthetic_003091,4,21140.830421,1840,762,108,944.000000
session_synthetic_003091_round_000005,synthetic_003091,5,21140.830421,2710,1578,79,481.000000
session_synthetic_003091_round_000006,synthetic_003091,6,21140.830421,4367,237,231,338.000000
session_synthetic_003092_round_000000,synthetic_003092,0,21164.502243,0,2389,249,256.000000
session_synthetic_003092_round_000001,synthetic_003092,1,21164.502243,2638,708,161,39.000000
session_synthetic_003092_round_000002,synthetic_003092,2,21164.502243,3507,474,372,498.000000
session_synthetic_003092_round_000003,synthetic_003092,3,21164.502243,4353,1454,97,331.000000
session_synthetic_003092_round_000004,synthetic_003092,4,21164.502243,5904,666,169,70.000000
session_synthetic_003092_round_000005,synthetic_003092,5,21164.502243,6739,203,117,189.000000
session_synthetic_003092_round_000006,synthetic_003092,6,21164.502243,7059,872,154,164.000000
session_synthetic_003093_round_000000,synthetic_003093,0,21293.525903,0,315,126,788.000000
session_synthetic_003093_round_000001,synthetic_003093,1,21293.525903,441,829,107,456.000000
session_synthetic_003093_round_000002,synthetic_003093,2,21293.525903,1377,616,196,281.000000
session_synthetic_003093_round_000003,synthetic_003093,3,21293.525903,2189,237,271,594.000000
session_synthetic_003093_round_000004,synthetic_003093,4,21293.525903,2697,253,337,410.000000
session_synthetic_003094_round_000000,synthetic_003094,0,21380.678474,0,1900,147,211.000000
session_synthetic_003094_round_000001,synthetic_003094,1,21380.678474,2047,597,107,209.000000
session_synthetic_003094_round_000002,synthetic_003094,2,21380.678474,2751,245,95,709.000000
session_synthetic_003094_round_000003,synthetic_003094,3,21380.678474,3091,912,198,180.000000
session_synthetic_003095_round_000000,synthetic_003095,0,21437.801196,0,976,426,249.000000
session_synthetic_003095_round_000001,synthetic_003095,1,21437.801196,1402,1325,249,80.000000
session_synthetic_003095_round_000002,synthetic_003095,2,21437.801196,2976,319,306,277.000000
session_synthetic_003095_round_000003,synthetic_003095,3,21437.801196,3601,309,308,689.000000
session_synthetic_003095_round_000004,synthetic_003095,4,21437.801196,4218,251,153,248.000000
session_synthetic_003095_round_000005,synthetic_003095,5,21437.801196,4622,733,208,363.000000
session_synthetic_003095_round_000006,synthetic_003095,6,21437.801196,5563,233,314,205.000000
session_synthetic_003095_round_000007,synthetic_003095,7,21437.801196,6110,282,116,485.000000
session_synthetic_003096_round_000000,synthetic_003096,0,21919.664305,0,456,192,323.000000
session_synthetic_003096_round_000001,synthetic_003096,1,21919.664305,648,919,272,276.000000
session_synthetic_003096_round_000002,synthetic_003096,2,21919.664305,1839,329,164,208.000000
session_synthetic_003097_round_000000,synthetic_003097,0,21920.188374,0,723,184,614.000000
session_synthetic_003097_round_000001,synthetic_003097,1,21920.188374,907,872,395,364.000000
session_synthetic_003097_round_000002,synthetic_003097,2,21920.188374,2174,822,205,370.000000
session_synthetic_003097_round_000003,synthetic_003097,3,21920.188374,3201,365,297,304.000000
session_synthetic_003097_round_000004,synthetic_003097,4,21920.188374,3863,73,235,203.000000
session_synthetic_003097_round_000005,synthetic_003097,5,21920.188374,4171,518,144,130.000000
session_synthetic_003097_round_000006,synthetic_003097,6,21920.188374,4833,802,82,93.000000
session_synthetic_003097_round_000007,synthetic_003097,7,21920.188374,5717,586,188,216.000000
session_synthetic_003097_round_000008,synthetic_003097,8,21920.188374,6491,159,168,145.000000
session_synthetic_003098_round_000000,synthetic_003098,0,22041.201077,0,271,101,284.000000
session_synthetic_003098_round_000001,synthetic_003098,1,22041.201077,372,629,77,294.000000
session_synthetic_003098_round_000002,synthetic_003098,2,22041.201077,1078,345,171,277.000000
session_synthetic_003098_round_000003,synthetic_003098,3,22041.201077,1594,366,186,219.000000
session_synthetic_003098_round_000004,synthetic_003098,4,22041.201077,2146,724,137,478.000000
session_synthetic_003099_round_000000,synthetic_003099,0,22051.381740,0,349,285,177.000000
session_synthetic_003099_round_000001,synthetic_003099,1,22051.381740,634,412,151,439.000000
session_synthetic_003099_round_000002,synthetic_003099,2,22051.381740,1197,985,186,87.000000
session_synthetic_003099_round_000003,synthetic_003099,3,22051.381740,2368,764,190,130.000000
session_synthetic_003099_round_000004,synthetic_003099,4,22051.381740,3322,450,184,212.000000
session_synthetic_003099_round_000005,synthetic_003099,5,22051.381740,3956,146,277,243.000000
session_synthetic_003099_round_000006,synthetic_003099,6,22051.381740,4379,242,67,408.000000
session_synthetic_003099_round_000007,synthetic_003099,7,22051.381740,4688,730,219,231.000000
session_synthetic_003099_round_000008,synthetic_003099,8,22051.381740,5637,787,258,262.000000
session_synthetic_003100_round_000000,synthetic_003100,0,22136.202795,0,600,233,228.000000
session_synthetic_003100_round_000001,synthetic_003100,1,22136.202795,833,322,171,203.000000
session_synthetic_003100_round_000002,synthetic_003100,2,22136.202795,1326,1266,237,243.000000
session_synthetic_003100_round_000003,synthetic_003100,3,22136.202795,2829,432,272,482.000000
session_synthetic_003100_round_000004,synthetic_003100,4,22136.202795,3533,493,225,284.000000
session_synthetic_003100_round_000005,synthetic_003100,5,22136.202795,4251,1816,191,333.000000
session_synthetic_003101_round_000000,synthetic_003101,0,22455.070116,0,408,427,92.000000
session_synthetic_003101_round_000001,synthetic_003101,1,22455.070116,835,584,309,86.000000
session_synthetic_003101_round_000002,synthetic_003101,2,22455.070116,1728,265,134,595.000000
session_synthetic_003101_round_000003,synthetic_003101,3,22455.070116,2127,688,403,455.000000
session_synthetic_003101_round_000004,synthetic_003101,4,22455.070116,3218,262,198,161.000000
session_synthetic_003101_round_000005,synthetic_003101,5,22455.070116,3678,690,330,350.000000
session_synthetic_003101_round_000006,synthetic_003101,6,22455.070116,4698,273,101,138.000000
session_synthetic_003101_round_000007,synthetic_003101,7,22455.070116,5072,410,116,379.000000
session_synthetic_003101_round_000008,synthetic_003101,8,22455.070116,5598,796,144,265.000000
session_synthetic_003102_round_000000,synthetic_003102,0,22484.514658,0,527,86,280.000000
session_synthetic_003102_round_000001,synthetic_003102,1,22484.514658,613,1903,225,178.000000
session_synthetic_003102_round_000002,synthetic_003102,2,22484.514658,2741,306,213,485.000000
session_synthetic_003102_round_000003,synthetic_003102,3,22484.514658,3260,556,139,202.000000
session_synthetic_003102_round_000004,synthetic_003102,4,22484.514658,3955,185,185,139.000000
session_synthetic_003102_round_000005,synthetic_003102,5,22484.514658,4325,1315,201,233.000000
session_synthetic_003102_round_000006,synthetic_003102,6,22484.514658,5841,816,305,770.000000
session_synthetic_003102_round_000007,synthetic_003102,7,22484.514658,6962,518,217,120.000000
session_synthetic_003103_round_000000,synthetic_003103,0,22540.784824,0,1313,83,543.000000
session_synthetic_003103_round_000001,synthetic_003103,1,22540.784824,1396,245,198,196.000000
session_synthetic_003103_round_000002,synthetic_003103,2,22540.784824,1839,538,223,101.000000
session_synthetic_003103_round_000003,synthetic_003103,3,22540.784824,2600,287,144,213.000000
session_synthetic_003103_round_000004,synthetic_003103,4,22540.784824,3031,573,228,579.000000
session_synthetic_003103_round_000005,synthetic_003103,5,22540.784824,3832,654,193,485.000000
session_synthetic_003103_round_000006,synthetic_003103,6,22540.784824,4679,355,185,733.000000
session_synthetic_003103_round_000007,synthetic_003103,7,22540.784824,5219,733,211,669.000000
session_synthetic_003103_round_000008,synthetic_003103,8,22540.784824,6163,635,183,541.000000
session_synthetic_003104_round_000000,synthetic_003104,0,22697.220764,0,1259,212,134.000000
session_synthetic_003104_round_000001,synthetic_003104,1,22697.220764,1471,692,267,495.000000
session_synthetic_003104_round_000002,synthetic_003104,2,22697.220764,2430,1081,242,541.000000
session_synthetic_003105_round_000000,synthetic_003105,0,22920.243113,0,1288,171,309.000000
session_synthetic_003105_round_000001,synthetic_003105,1,22920.243113,1459,370,186,410.000000
session_synthetic_003105_round_000002,synthetic_003105,2,22920.243113,2015,170,182,364.000000
session_synthetic_003105_round_000003,synthetic_003105,3,22920.243113,2367,581,333,313.000000
session_synthetic_003105_round_000004,synthetic_003105,4,22920.243113,3281,688,189,160.000000
session_synthetic_003105_round_000005,synthetic_003105,5,22920.243113,4158,2159,136,623.000000
session_synthetic_003105_round_000006,synthetic_003105,6,22920.243113,6453,277,160,386.000000
session_synthetic_003105_round_000007,synthetic_003105,7,22920.243113,6890,211,121,151.000000
session_synthetic_003106_round_000000,synthetic_003106,0,22999.838447,0,793,103,270.000000
session_synthetic_003106_round_000001,synthetic_003106,1,22999.838447,896,1203,164,122.000000
session_synthetic_003106_round_000002,synthetic_003106,2,22999.838447,2263,260,156,847.000000
session_synthetic_003106_round_000003,synthetic_003106,3,22999.838447,2679,333,255,151.000000
session_synthetic_003106_round_000004,synthetic_003106,4,22999.838447,3267,414,134,315.000000
session_synthetic_003106_round_000005,synthetic_003106,5,22999.838447,3815,1119,204,212.000000
session_synthetic_003107_round_000000,synthetic_003107,0,23144.742386,0,410,152,115.000000
session_synthetic_003107_round_000001,synthetic_003107,1,23144.742386,562,424,397,385.000000
session_synthetic_003107_round_000002,synthetic_003107,2,23144.742386,1383,1458,168,208.000000
session_synthetic_003107_round_000003,synthetic_003107,3,23144.742386,3009,327,292,103.000000
session_synthetic_003107_round_000004,synthetic_003107,4,23144.742386,3628,194,234,171.000000
session_synthetic_003107_round_000005,synthetic_003107,5,23144.742386,4056,510,101,150.000000
session_synthetic_003108_round_000000,synthetic_003108,0,23224.105571,0,620,84,256.000000
session_synthetic_003108_round_000001,synthetic_003108,1,23224.105571,704,505,487,514.000000
session_synthetic_003108_round_000002,synthetic_003108,2,23224.105571,1696,724,425,462.000000
session_synthetic_003108_round_000003,synthetic_003108,3,23224.105571,2845,1306,178,324.000000
session_synthetic_003108_round_000004,synthetic_003108,4,23224.105571,4329,261,280,263.000000
session_synthetic_003108_round_000005,synthetic_003108,5,23224.105571,4870,501,258,327.000000
session_synthetic_003109_round_000000,synthetic_003109,0,23434.627045,0,479,176,206.000000
session_synthetic_003109_round_000001,synthetic_003109,1,23434.627045,655,209,286,465.000000
session_synthetic_003109_round_000002,synthetic_003109,2,23434.627045,1150,815,124,447.000000
session_synthetic_003109_round_000003,synthetic_003109,3,23434.627045,2089,481,112,67.000000
session_synthetic_003109_round_000004,synthetic_003109,4,23434.627045,2682,1119,243,273.000000
session_synthetic_003110_round_000000,synthetic_003110,0,23931.714420,0,306,238,149.000000
session_synthetic_003110_round_000001,synthetic_003110,1,23931.714420,544,1078,339,170.000000
session_synthetic_003110_round_000002,synthetic_003110,2,23931.714420,1961,162,185,194.000000
session_synthetic_003110_round_000003,synthetic_003110,3,23931.714420,2308,416,391,106.000000
session_synthetic_003110_round_000004,synthetic_003110,4,23931.714420,3115,1088,188,189.000000
session_synthetic_003110_round_000005,synthetic_003110,5,23931.714420,4391,705,101,156.000000
session_synthetic_003110_round_000006,synthetic_003110,6,23931.714420,5197,191,41,106.000000
session_synthetic_003111_round_000000,synthetic_003111,0,23963.475140,0,1071,133,610.000000
session_synthetic_003111_round_000001,synthetic_003111,1,23963.475140,1204,718,104,289.000000
session_synthetic_003111_round_000002,synthetic_003111,2,23963.475140,2026,135,134,288.000000
session_synthetic_003111_round_000003,synthetic_003111,3,23963.475140,2295,419,190,318.000000
session_synthetic_003112_round_000000,synthetic_003112,0,24089.406123,0,1319,176,169.000000
session_synthetic_003112_round_000001,synthetic_003112,1,24089.406123,1495,519,220,278.000000
session_synthetic_003112_round_000002,synthetic_003112,2,24089.406123,2234,374,184,306.000000
session_synthetic_003112_round_000003,synthetic_003112,3,24089.406123,2792,712,102,598.000000
session_synthetic_003112_round_000004,synthetic_003112,4,24089.406123,3606,652,132,160.000000
session_synthetic_003112_round_000005,synthetic_003112,5,24089.406123,4390,735,174,257.000000
session_synthetic_003113_round_000000,synthetic_003113,0,24252.241990,0,247,105,856.000000
session_synthetic_003113_round_000001,synthetic_003113,1,24252.241990,352,493,148,267.000000
session_synthetic_003113_round_000002,synthetic_003113,2,24252.241990,993,464,266,253.000000
session_synthetic_003114_round_000000,synthetic_003114,0,24446.504860,0,438,437,576.000000
session_synthetic_003114_round_000001,synthetic_003114,1,24446.504860,875,566,63,350.000000
session_synthetic_003114_round_000002,synthetic_003114,2,24446.504860,1504,267,136,182.000000
session_synthetic_003114_round_000003,synthetic_003114,3,24446.504860,1907,446,145,301.000000
session_synthetic_003114_round_000004,synthetic_003114,4,24446.504860,2498,689,164,117.000000
session_synthetic_003114_round_000005,synthetic_003114,5,24446.504860,3351,1393,429,315.000000
session_synthetic_003115_round_000000,synthetic_003115,0,24744.610386,0,361,245,660.000000
session_synthetic_003115_round_000001,synthetic_003115,1,24744.610386,606,596,119,142.000000
session_synthetic_003115_round_000002,synthetic_003115,2,24744.610386,1321,597,286,477.000000
session_synthetic_003116_round_000000,synthetic_003116,0,24917.163902,0,634,212,362.000000
session_synthetic_003116_round_000001,synthetic_003116,1,24917.163902,846,1262,177,191.000000
session_synthetic_003116_round_000002,synthetic_003116,2,24917.163902,2285,831,218,206.000000
session_synthetic_003116_round_000003,synthetic_003116,3,24917.163902,3334,515,221,186.000000
session_synthetic_003116_round_000004,synthetic_003116,4,24917.163902,4070,917,115,255.000000
session_synthetic_003116_round_000005,synthetic_003116,5,24917.163902,5102,732,118,110.000000
session_synthetic_003116_round_000006,synthetic_003116,6,24917.163902,5952,969,200,234.000000
session_synthetic_003116_round_000007,synthetic_003116,7,24917.163902,7121,474,316,386.000000
session_synthetic_003116_round_000008,synthetic_003116,8,24917.163902,7911,279,112,279.000000
session_synthetic_003117_round_000000,synthetic_003117,0,25313.974174,0,364,183,186.000000
session_synthetic_003117_round_000001,synthetic_003117,1,25313.974174,547,222,244,207.000000
session_synthetic_003117_round_000002,synthetic_003117,2,25313.974174,1013,588,167,355.000000
session_synthetic_003117_round_000003,synthetic_003117,3,25313.974174,1768,382,102,281.000000
session_synthetic_003118_round_000000,synthetic_003118,0,25320.037393,0,766,86,347.000000
session_synthetic_003118_round_000001,synthetic_003118,1,25320.037393,852,876,148,269.000000
session_synthetic_003118_round_000002,synthetic_003118,2,25320.037393,1876,754,240,212.000000
session_synthetic_003118_round_000003,synthetic_003118,3,25320.037393,2870,1245,115,225.000000
session_synthetic_003118_round_000004,synthetic_003118,4,25320.037393,4230,975,101,474.000000
session_synthetic_003118_round_000005,synthetic_003118,5,25320.037393,5306,542,174,231.000000
session_synthetic_003118_round_000006,synthetic_003118,6,25320.037393,6022,336,119,100.000000
session_synthetic_003118_round_000007,synthetic_003118,7,25320.037393,6477,299,229,159.000000
session_synthetic_003118_round_000008,synthetic_003118,8,25320.037393,7005,163,136,212.000000
session_synthetic_003119_round_000000,synthetic_003119,0,25516.155371,0,728,185,320.000000
session_synthetic_003119_round_000001,synthetic_003119,1,25516.155371,913,207,250,265.000000
session_synthetic_003119_round_000002,synthetic_003119,2,25516.155371,1370,687,174,167.000000
session_synthetic_003119_round_000003,synthetic_003119,3,25516.155371,2231,805,129,222.000000
session_synthetic_003120_round_000000,synthetic_003120,0,25777.841121,0,404,126,265.000000
session_synthetic_003120_round_000001,synthetic_003120,1,25777.841121,530,287,481,648.000000
session_synthetic_003120_round_000002,synthetic_003120,2,25777.841121,1298,176,189,123.000000
session_synthetic_003120_round_000003,synthetic_003120,3,25777.841121,1663,609,107,156.000000
session_synthetic_003120_round_000004,synthetic_003120,4,25777.841121,2379,282,416,1016.000000
session_synthetic_003120_round_000005,synthetic_003120,5,25777.841121,3077,219,499,391.000000
session_synthetic_003120_round_000006,synthetic_003120,6,25777.841121,3795,272,178,248.000000
session_synthetic_003120_round_000007,synthetic_003120,7,25777.841121,4245,380,194,316.000000
session_synthetic_003120_round_000008,synthetic_003120,8,25777.841121,4819,1434,227,223.000000
session_synthetic_003121_round_000000,synthetic_003121,0,26459.013175,0,581,81,546.000000
session_synthetic_003121_round_000001,synthetic_003121,1,26459.013175,662,453,268,149.000000
session_synthetic_003121_round_000002,synthetic_003121,2,26459.013175,1383,472,350,160.000000
session_synthetic_003121_round_000003,synthetic_003121,3,26459.013175,2205,1736,174,442.000000
session_synthetic_003121_round_000004,synthetic_003121,4,26459.013175,4115,388,121,446.000000
session_synthetic_003121_round_000005,synthetic_003121,5,26459.013175,4624,1123,118,425.000000
session_synthetic_003121_round_000006,synthetic_003121,6,26459.013175,5865,1865,142,159.000000
session_synthetic_003121_round_000007,synthetic_003121,7,26459.013175,7872,883,82,450.000000
session_synthetic_003122_round_000000,synthetic_003122,0,26698.922490,0,372,298,149.000000
session_synthetic_003122_round_000001,synthetic_003122,1,26698.922490,670,979,215,669.000000
session_synthetic_003122_round_000002,synthetic_003122,2,26698.922490,1864,749,197,237.000000
session_synthetic_003122_round_000003,synthetic_003122,3,26698.922490,2810,602,146,242.000000
session_synthetic_003122_round_000004,synthetic_003122,4,26698.922490,3558,139,101,491.000000
session_synthetic_003122_round_000005,synthetic_003122,5,26698.922490,3798,1520,241,86.000000
session_synthetic_003122_round_000006,synthetic_003122,6,26698.922490,5559,1235,179,362.000000
session_synthetic_003123_round_000000,synthetic_003123,0,26715.534769,0,914,75,188.000000
session_synthetic_003123_round_000001,synthetic_003123,1,26715.534769,989,259,216,945.000000
session_synthetic_003123_round_000002,synthetic_003123,2,26715.534769,1464,420,96,297.000000
session_synthetic_003123_round_000003,synthetic_003123,3,26715.534769,1980,649,183,237.000000
session_synthetic_003123_round_000004,synthetic_003123,4,26715.534769,2812,637,69,291.000000
session_synthetic_003123_round_000005,synthetic_003123,5,26715.534769,3518,1107,278,458.000000
session_synthetic_003123_round_000006,synthetic_003123,6,26715.534769,4903,354,93,405.000000
session_synthetic_003124_round_000000,synthetic_003124,0,26776.348556,0,1086,187,515.000000
session_synthetic_003124_round_000001,synthetic_003124,1,26776.348556,1273,656,153,166.000000
session_synthetic_003124_round_000002,synthetic_003124,2,26776.348556,2082,291,163,147.000000
session_synthetic_003124_round_000003,synthetic_003124,3,26776.348556,2536,962,154,213.000000
session_synthetic_003124_round_000004,synthetic_003124,4,26776.348556,3652,425,119,186.000000
session_synthetic_003124_round_000005,synthetic_003124,5,26776.348556,4196,2151,309,248.000000
session_synthetic_003124_round_000006,synthetic_003124,6,26776.348556,6656,306,345,615.000000
session_synthetic_003124_round_000007,synthetic_003124,7,26776.348556,7307,572,213,630.000000
session_synthetic_003125_round_000000,synthetic_003125,0,27251.216153,0,396,237,162.000000
session_synthetic_003125_round_000001,synthetic_003125,1,27251.216153,633,416,310,168.000000
session_synthetic_003125_round_000002,synthetic_003125,2,27251.216153,1359,328,312,480.000000
session_synthetic_003125_round_000003,synthetic_003125,3,27251.216153,1999,584,458,343.000000
session_synthetic_003125_round_000004,synthetic_003125,4,27251.216153,3041,325,197,103.000000
session_synthetic_003125_round_000005,synthetic_003125,5,27251.216153,3563,542,116,348.000000
session_synthetic_003125_round_000006,synthetic_003125,6,27251.216153,4221,819,233,778.000000
session_synthetic_003126_round_000000,synthetic_003126,0,27285.471772,0,378,180,317.000000
session_synthetic_003126_round_000001,synthetic_003126,1,27285.471772,558,400,154,188.000000
session_synthetic_003126_round_000002,synthetic_003126,2,27285.471772,1112,723,100,196.000000
session_synthetic_003126_round_000003,synthetic_003126,3,27285.471772,1935,1054,118,292.000000
session_synthetic_003126_round_000004,synthetic_003126,4,27285.471772,3107,1197,139,230.000000
session_synthetic_003126_round_000005,synthetic_003126,5,27285.471772,4443,227,286,613.000000
session_synthetic_003126_round_000006,synthetic_003126,6,27285.471772,4956,1329,243,330.000000
session_synthetic_003127_round_000000,synthetic_003127,0,27322.115703,0,817,128,245.000000
session_synthetic_003127_round_000001,synthetic_003127,1,27322.115703,945,129,226,369.000000
session_synthetic_003127_round_000002,synthetic_003127,2,27322.115703,1300,443,150,309.000000
session_synthetic_003127_round_000003,synthetic_003127,3,27322.115703,1893,436,163,607.000000
session_synthetic_003127_round_000004,synthetic_003127,4,27322.115703,2492,1242,154,369.000000
session_synthetic_003127_round_000005,synthetic_003127,5,27322.115703,3888,1133,172,448.000000
session_synthetic_003127_round_000006,synthetic_003127,6,27322.115703,5193,826,332,264.000000
session_synthetic_003128_round_000000,synthetic_003128,0,27347.872019,0,293,168,417.000000
session_synthetic_003128_round_000001,synthetic_003128,1,27347.872019,461,803,162,434.000000
session_synthetic_003128_round_000002,synthetic_003128,2,27347.872019,1426,590,180,143.000000
session_synthetic_003128_round_000003,synthetic_003128,3,27347.872019,2196,703,377,822.000000
session_synthetic_003128_round_000004,synthetic_003128,4,27347.872019,3276,349,107,139.000000
session_synthetic_003128_round_000005,synthetic_003128,5,27347.872019,3732,670,131,292.000000
session_synthetic_003128_round_000006,synthetic_003128,6,27347.872019,4533,975,105,118.000000
session_synthetic_003129_round_000000,synthetic_003129,0,27680.278219,0,482,169,343.000000
session_synthetic_003129_round_000001,synthetic_003129,1,27680.278219,651,227,185,741.000000
session_synthetic_003129_round_000002,synthetic_003129,2,27680.278219,1063,738,216,260.000000
session_synthetic_003129_round_000003,synthetic_003129,3,27680.278219,2017,1493,282,920.000000
session_synthetic_003129_round_000004,synthetic_003129,4,27680.278219,3792,334,218,186.000000
session_synthetic_003129_round_000005,synthetic_003129,5,27680.278219,4344,1856,400,581.000000
session_synthetic_003129_round_000006,synthetic_003129,6,27680.278219,6600,1855,196,379.000000
session_synthetic_003130_round_000000,synthetic_003130,0,27696.580393,0,431,282,198.000000
session_synthetic_003130_round_000001,synthetic_003130,1,27696.580393,713,750,163,391.000000
session_synthetic_003130_round_000002,synthetic_003130,2,27696.580393,1626,204,367,634.000000
session_synthetic_003130_round_000003,synthetic_003130,3,27696.580393,2197,439,70,473.000000
session_synthetic_003130_round_000004,synthetic_003130,4,27696.580393,2706,740,164,237.000000
session_synthetic_003130_round_000005,synthetic_003130,5,27696.580393,3610,522,86,209.000000
session_synthetic_003130_round_000006,synthetic_003130,6,27696.580393,4218,904,102,357.000000
session_synthetic_003130_round_000007,synthetic_003130,7,27696.580393,5224,376,78,301.000000
session_synthetic_003131_round_000000,synthetic_003131,0,27987.938500,0,141,118,93.000000
session_synthetic_003131_round_000001,synthetic_003131,1,27987.938500,259,889,181,59.000000
session_synthetic_003131_round_000002,synthetic_003131,2,27987.938500,1329,785,178,235.000000
session_synthetic_003131_round_000003,synthetic_003131,3,27987.938500,2292,342,130,320.000000
session_synthetic_003131_round_000004,synthetic_003131,4,27987.938500,2764,2871,360,170.000000
session_synthetic_003131_round_000005,synthetic_003131,5,27987.938500,5995,1086,352,832.000000
session_synthetic_003131_round_000006,synthetic_003131,6,27987.938500,7433,621,141,449.000000
session_synthetic_003132_round_000000,synthetic_003132,0,28190.869277,0,296,170,233.000000
session_synthetic_003132_round_000001,synthetic_003132,1,28190.869277,466,156,105,504.000000
session_synthetic_003132_round_000002,synthetic_003132,2,28190.869277,727,1629,75,505.000000
session_synthetic_003132_round_000003,synthetic_003132,3,28190.869277,2431,745,199,609.000000
session_synthetic_003132_round_000004,synthetic_003132,4,28190.869277,3375,510,397,257.000000
session_synthetic_003132_round_000005,synthetic_003132,5,28190.869277,4282,527,392,868.000000
session_synthetic_003133_round_000000,synthetic_003133,0,28231.708176,0,280,115,206.000000
session_synthetic_003133_round_000001,synthetic_003133,1,28231.708176,395,562,97,206.000000
session_synthetic_003133_round_000002,synthetic_003133,2,28231.708176,1054,2144,380,146.000000
session_synthetic_003133_round_000003,synthetic_003133,3,28231.708176,3578,226,86,267.000000
session_synthetic_003134_round_000000,synthetic_003134,0,28243.093716,0,852,166,146.000000
session_synthetic_003134_round_000001,synthetic_003134,1,28243.093716,1018,115,280,456.000000
session_synthetic_003134_round_000002,synthetic_003134,2,28243.093716,1413,2066,200,378.000000
session_synthetic_003134_round_000003,synthetic_003134,3,28243.093716,3679,1208,275,427.000000
session_synthetic_003134_round_000004,synthetic_003134,4,28243.093716,5162,1103,53,166.000000
session_synthetic_003134_round_000005,synthetic_003134,5,28243.093716,6318,367,161,671.000000
session_synthetic_003134_round_000006,synthetic_003134,6,28243.093716,6846,314,113,474.000000
session_synthetic_003134_round_000007,synthetic_003134,7,28243.093716,7273,680,197,160.000000
session_synthetic_003135_round_000000,synthetic_003135,0,28433.420733,0,966,151,193.000000
session_synthetic_003135_round_000001,synthetic_003135,1,28433.420733,1117,459,179,229.000000
session_synthetic_003135_round_000002,synthetic_003135,2,28433.420733,1755,126,333,608.000000
session_synthetic_003135_round_000003,synthetic_003135,3,28433.420733,2214,2746,117,332.000000
session_synthetic_003135_round_000004,synthetic_003135,4,28433.420733,5077,260,173,228.000000
session_synthetic_003135_round_000005,synthetic_003135,5,28433.420733,5510,193,332,132.000000
session_synthetic_003135_round_000006,synthetic_003135,6,28433.420733,6035,168,170,524.000000
session_synthetic_003136_round_000000,synthetic_003136,0,28586.725535,0,311,195,187.000000
session_synthetic_003136_round_000001,synthetic_003136,1,28586.725535,506,968,313,280.000000
session_synthetic_003136_round_000002,synthetic_003136,2,28586.725535,1787,385,138,285.000000
session_synthetic_003136_round_000003,synthetic_003136,3,28586.725535,2310,222,132,892.000000
session_synthetic_003137_round_000000,synthetic_003137,0,28910.596610,0,1209,243,213.000000
session_synthetic_003137_round_000001,synthetic_003137,1,28910.596610,1452,447,377,410.000000
session_synthetic_003137_round_000002,synthetic_003137,2,28910.596610,2276,566,99,352.000000
session_synthetic_003138_round_000000,synthetic_003138,0,29052.574456,0,316,97,424.000000
session_synthetic_003138_round_000001,synthetic_003138,1,29052.574456,413,1111,168,419.000000
session_synthetic_003138_round_000002,synthetic_003138,2,29052.574456,1692,805,69,252.000000
session_synthetic_003138_round_000003,synthetic_003138,3,29052.574456,2566,453,184,772.000000
session_synthetic_003138_round_000004,synthetic_003138,4,29052.574456,3203,339,499,64.000000
session_synthetic_003138_round_000005,synthetic_003138,5,29052.574456,4041,403,164,161.000000
session_synthetic_003138_round_000006,synthetic_003138,6,29052.574456,4608,1096,194,261.000000
session_synthetic_003139_round_000000,synthetic_003139,0,29254.546663,0,237,82,243.000000
session_synthetic_003139_round_000001,synthetic_003139,1,29254.546663,319,355,199,178.000000
session_synthetic_003139_round_000002,synthetic_003139,2,29254.546663,873,415,149,338.000000
session_synthetic_003139_round_000003,synthetic_003139,3,29254.546663,1437,1417,246,147.000000
session_synthetic_003140_round_000000,synthetic_003140,0,29357.304252,0,4522,238,296.000000
session_synthetic_003140_round_000001,synthetic_003140,1,29357.304252,4760,447,139,266.000000
session_synthetic_003140_round_000002,synthetic_003140,2,29357.304252,5346,647,360,392.000000
session_synthetic_003140_round_000003,synthetic_003140,3,29357.304252,6353,336,196,252.000000
session_synthetic_003140_round_000004,synthetic_003140,4,29357.304252,6885,160,112,268.000000
session_synthetic_003140_round_000005,synthetic_003140,5,29357.304252,7157,472,195,338.000000
session_synthetic_003140_round_000006,synthetic_003140,6,29357.304252,7824,970,83,373.000000
session_synthetic_003140_round_000007,synthetic_003140,7,29357.304252,8877,899,359,109.000000
session_synthetic_003140_round_000008,synthetic_003140,8,29357.304252,10135,98,328,156.000000
session_synthetic_003141_round_000000,synthetic_003141,0,30059.994024,0,497,291,378.000000
session_synthetic_003141_round_000001,synthetic_003141,1,30059.994024,788,475,110,150.000000
session_synthetic_003141_round_000002,synthetic_003141,2,30059.994024,1373,591,224,400.000000
session_synthetic_003141_round_000003,synthetic_003141,3,30059.994024,2188,138,250,353.000000
session_synthetic_003141_round_000004,synthetic_003141,4,30059.994024,2576,1647,264,390.000000
session_synthetic_003141_round_000005,synthetic_003141,5,30059.994024,4487,840,250,145.000000
session_synthetic_003141_round_000006,synthetic_003141,6,30059.994024,5577,513,343,512.000000
session_synthetic_003142_round_000000,synthetic_003142,0,30125.759291,0,792,149,81.000000
session_synthetic_003142_round_000001,synthetic_003142,1,30125.759291,941,536,438,813.000000
session_synthetic_003142_round_000002,synthetic_003142,2,30125.759291,1915,1128,164,158.000000
session_synthetic_003142_round_000003,synthetic_003142,3,30125.759291,3207,179,177,628.000000
session_synthetic_003142_round_000004,synthetic_003142,4,30125.759291,3563,595,139,216.000000
session_synthetic_003142_round_000005,synthetic_003142,5,30125.759291,4297,537,207,341.000000
session_synthetic_003143_round_000000,synthetic_003143,0,30420.738465,0,336,251,250.000000
session_synthetic_003143_round_000001,synthetic_003143,1,30420.738465,587,497,165,284.000000
session_synthetic_003143_round_000002,synthetic_003143,2,30420.738465,1249,619,407,268.000000
session_synthetic_003143_round_000003,synthetic_003143,3,30420.738465,2275,386,150,273.000000
session_synthetic_003143_round_000004,synthetic_003143,4,30420.738465,2811,445,211,209.000000
session_synthetic_003143_round_000005,synthetic_003143,5,30420.738465,3467,415,224,380.000000
session_synthetic_003143_round_000006,synthetic_003143,6,30420.738465,4106,836,126,244.000000
session_synthetic_003143_round_000007,synthetic_003143,7,30420.738465,5068,1719,198,278.000000
session_synthetic_003143_round_000008,synthetic_003143,8,30420.738465,6985,612,398,325.000000
session_synthetic_003144_round_000000,synthetic_003144,0,30708.087167,0,737,399,562.000000
session_synthetic_003144_round_000001,synthetic_003144,1,30708.087167,1136,620,158,388.000000
session_synthetic_003144_round_000002,synthetic_003144,2,30708.087167,1914,238,88,1151.000000
session_synthetic_003144_round_000003,synthetic_003144,3,30708.087167,2240,519,111,903.000000
session_synthetic_003144_round_000004,synthetic_003144,4,30708.087167,2870,319,116,630.000000
session_synthetic_003144_round_000005,synthetic_003144,5,30708.087167,3305,435,251,175.000000
session_synthetic_003144_round_000006,synthetic_003144,6,30708.087167,3991,866,251,286.000000
session_synthetic_003145_round_000000,synthetic_003145,0,31675.188784,0,411,170,295.000000
session_synthetic_003145_round_000001,synthetic_003145,1,31675.188784,581,470,249,182.000000
session_synthetic_003145_round_000002,synthetic_003145,2,31675.188784,1300,1026,68,142.000000
session_synthetic_003145_round_000003,synthetic_003145,3,31675.188784,2394,1169,84,192.000000
session_synthetic_003145_round_000004,synthetic_003145,4,31675.188784,3647,267,194,328.000000
session_synthetic_003145_round_000005,synthetic_003145,5,31675.188784,4108,585,313,260.000000
session_synthetic_003145_round_000006,synthetic_003145,6,31675.188784,5006,969,189,324.000000
session_synthetic_003145_round_000007,synthetic_003145,7,31675.188784,6164,746,151,227.000000
session_synthetic_003146_round_000000,synthetic_003146,0,31969.643155,0,508,96,346.000000
session_synthetic_003146_round_000001,synthetic_003146,1,31969.643155,604,656,288,438.000000
session_synthetic_003146_round_000002,synthetic_003146,2,31969.643155,1548,1100,226,387.000000
session_synthetic_003146_round_000003,synthetic_003146,3,31969.643155,2874,412,262,91.000000
session_synthetic_003146_round_000004,synthetic_003146,4,31969.643155,3548,530,146,182.000000
session_synthetic_003146_round_000005,synthetic_003146,5,31969.643155,4224,872,122,281.000000
session_synthetic_003146_round_000006,synthetic_003146,6,31969.643155,5218,414,119,580.000000
session_synthetic_003146_round_000007,synthetic_003146,7,31969.643155,5751,535,194,457.000000
session_synthetic_003147_round_000000,synthetic_003147,0,31977.335844,0,495,161,306.000000
session_synthetic_003147_round_000001,synthetic_003147,1,31977.335844,656,809,324,669.000000
session_synthetic_003147_round_000002,synthetic_003147,2,31977.335844,1789,218,103,358.000000
session_synthetic_003147_round_000003,synthetic_003147,3,31977.335844,2110,175,110,343.000000
session_synthetic_003147_round_000004,synthetic_003147,4,31977.335844,2395,751,110,176.000000
session_synthetic_003147_round_000005,synthetic_003147,5,31977.335844,3256,524,158,209.000000
session_synthetic_003147_round_000006,synthetic_003147,6,31977.335844,3938,319,116,217.000000
session_synthetic_003147_round_000007,synthetic_003147,7,31977.335844,4373,742,319,204.000000
session_synthetic_003148_round_000000,synthetic_003148,0,31980.990975,0,423,301,221.000000
session_synthetic_003148_round_000001,synthetic_003148,1,31980.990975,724,1139,142,385.000000
session_synthetic_003148_round_000002,synthetic_003148,2,31980.990975,2005,425,278,220.000000
session_synthetic_003148_round_000003,synthetic_003148,3,31980.990975,2708,1511,176,269.000000
session_synthetic_003149_round_000000,synthetic_003149,0,32038.036181,0,361,143,223.000000
session_synthetic_003149_round_000001,synthetic_003149,1,32038.036181,504,281,228,972.000000
session_synthetic_003149_round_000002,synthetic_003149,2,32038.036181,1013,303,106,163.000000
session_synthetic_003149_round_000003,synthetic_003149,3,32038.036181,1422,210,207,382.000000
session_synthetic_003149_round_000004,synthetic_003149,4,32038.036181,1839,148,178,482.000000
session_synthetic_003149_round_000005,synthetic_003149,5,32038.036181,2165,164,85,123.000000
session_synthetic_003150_round_000000,synthetic_003150,0,32113.364969,0,320,273,227.000000
session_synthetic_003150_round_000001,synthetic_003150,1,32113.364969,593,424,194,380.000000
session_synthetic_003150_round_000002,synthetic_003150,2,32113.364969,1211,1756,109,76.000000
session_synthetic_003150_round_000003,synthetic_003150,3,32113.364969,3076,334,103,262.000000
session_synthetic_003150_round_000004,synthetic_003150,4,32113.364969,3513,1015,132,188.000000
session_synthetic_003150_round_000005,synthetic_003150,5,32113.364969,4660,304,87,469.000000
session_synthetic_003151_round_000000,synthetic_003151,0,32188.148840,0,1020,389,455.000000
session_synthetic_003151_round_000001,synthetic_003151,1,32188.148840,1409,437,205,88.000000
session_synthetic_003151_round_000002,synthetic_003151,2,32188.148840,2051,692,226,203.000000
session_synthetic_003151_round_000003,synthetic_003151,3,32188.148840,2969,226,185,501.000000
session_synthetic_003151_round_000004,synthetic_003151,4,32188.148840,3380,364,103,255.000000
session_synthetic_003152_round_000000,synthetic_003152,0,32254.709360,0,628,286,347.000000
session_synthetic_003152_round_000001,synthetic_003152,1,32254.709360,914,353,228,385.000000
session_synthetic_003152_round_000002,synthetic_003152,2,32254.709360,1495,836,184,360.000000
session_synthetic_003152_round_000003,synthetic_003152,3,32254.709360,2515,437,263,101.000000
session_synthetic_003152_round_000004,synthetic_003152,4,32254.709360,3215,357,168,291.000000
session_synthetic_003153_round_000000,synthetic_003153,0,32416.676014,0,861,312,199.000000
session_synthetic_003153_round_000001,synthetic_003153,1,32416.676014,1173,709,104,299.000000
session_synthetic_003153_round_000002,synthetic_003153,2,32416.676014,1986,1693,226,563.000000
session_synthetic_003153_round_000003,synthetic_003153,3,32416.676014,3905,353,421,192.000000
session_synthetic_003153_round_000004,synthetic_003153,4,32416.676014,4679,258,125,340.000000
session_synthetic_003154_round_000000,synthetic_003154,0,32426.400851,0,100,170,1016.000000
session_synthetic_003154_round_000001,synthetic_003154,1,32426.400851,270,424,232,220.000000
session_synthetic_003154_round_000002,synthetic_003154,2,32426.400851,926,420,162,439.000000
session_synthetic_003154_round_000003,synthetic_003154,3,32426.400851,1508,232,83,209.000000
session_synthetic_003154_round_000004,synthetic_003154,4,32426.400851,1823,630,72,253.000000
session_synthetic_003154_round_000005,synthetic_003154,5,32426.400851,2525,213,265,279.000000
session_synthetic_003154_round_000006,synthetic_003154,6,32426.400851,3003,124,325,339.000000
session_synthetic_003155_round_000000,synthetic_003155,0,32619.294281,0,373,242,158.000000
session_synthetic_003155_round_000001,synthetic_003155,1,32619.294281,615,1027,93,135.000000
session_synthetic_003155_round_000002,synthetic_003155,2,32619.294281,1735,392,427,282.000000
session_synthetic_003155_round_000003,synthetic_003155,3,32619.294281,2554,246,185,253.000000
session_synthetic_003155_round_000004,synthetic_003155,4,32619.294281,2985,844,145,292.000000
session_synthetic_003155_round_000005,synthetic_003155,5,32619.294281,3974,765,421,139.000000
session_synthetic_003155_round_000006,synthetic_003155,6,32619.294281,5160,537,90,273.000000
session_synthetic_003155_round_000007,synthetic_003155,7,32619.294281,5787,1371,443,102.000000
session_synthetic_003155_round_000008,synthetic_003155,8,32619.294281,7601,75,218,101.000000
session_synthetic_003156_round_000000,synthetic_003156,0,32678.627437,0,353,96,172.000000
session_synthetic_003156_round_000001,synthetic_003156,1,32678.627437,449,868,263,268.000000
session_synthetic_003156_round_000002,synthetic_003156,2,32678.627437,1580,419,368,345.000000
session_synthetic_003157_round_000000,synthetic_003157,0,32787.237400,0,249,232,277.000000
session_synthetic_003157_round_000001,synthetic_003157,1,32787.237400,481,2092,152,410.000000
session_synthetic_003157_round_000002,synthetic_003157,2,32787.237400,2725,813,153,768.000000
session_synthetic_003157_round_000003,synthetic_003157,3,32787.237400,3691,984,151,422.000000
session_synthetic_003157_round_000004,synthetic_003157,4,32787.237400,4826,918,129,260.000000
session_synthetic_003158_round_000000,synthetic_003158,0,32884.197117,0,1590,169,233.000000
session_synthetic_003158_round_000001,synthetic_003158,1,32884.197117,1759,495,182,483.000000
session_synthetic_003158_round_000002,synthetic_003158,2,32884.197117,2436,864,108,454.000000
session_synthetic_003158_round_000003,synthetic_003158,3,32884.197117,3408,672,145,199.000000
session_synthetic_003158_round_000004,synthetic_003158,4,32884.197117,4225,1183,102,339.000000
session_synthetic_003158_round_000005,synthetic_003158,5,32884.197117,5510,153,118,514.000000
session_synthetic_003158_round_000006,synthetic_003158,6,32884.197117,5781,968,307,263.000000
session_synthetic_003158_round_000007,synthetic_003158,7,32884.197117,7056,549,97,521.000000
session_synthetic_003158_round_000008,synthetic_003158,8,32884.197117,7702,353,142,433.000000
session_synthetic_003159_round_000000,synthetic_003159,0,33095.941753,0,502,89,295.000000
session_synthetic_003159_round_000001,synthetic_003159,1,33095.941753,591,1681,185,206.000000
session_synthetic_003159_round_000002,synthetic_003159,2,33095.941753,2457,531,197,225.000000
session_synthetic_003159_round_000003,synthetic_003159,3,33095.941753,3185,310,334,233.000000
session_synthetic_003159_round_000004,synthetic_003159,4,33095.941753,3829,434,82,149.000000
session_synthetic_003160_round_000000,synthetic_003160,0,33354.893856,0,421,300,122.000000
session_synthetic_003160_round_000001,synthetic_003160,1,33354.893856,721,499,109,1043.000000
session_synthetic_003160_round_000002,synthetic_003160,2,33354.893856,1329,281,74,138.000000
session_synthetic_003160_round_000003,synthetic_003160,3,33354.893856,1684,409,365,255.000000
session_synthetic_003160_round_000004,synthetic_003160,4,33354.893856,2458,251,92,192.000000
session_synthetic_003160_round_000005,synthetic_003160,5,33354.893856,2801,989,143,441.000000
session_synthetic_003160_round_000006,synthetic_003160,6,33354.893856,3933,525,230,81.000000
session_synthetic_003160_round_000007,synthetic_003160,7,33354.893856,4688,788,261,452.000000
session_synthetic_003161_round_000000,synthetic_003161,0,33618.390237,0,753,332,134.000000
session_synthetic_003161_round_000001,synthetic_003161,1,33618.390237,1085,736,119,64.000000
session_synthetic_003161_round_000002,synthetic_003161,2,33618.390237,1940,424,234,367.000000
session_synthetic_003162_round_000000,synthetic_003162,0,33671.121541,0,1883,213,136.000000
session_synthetic_003162_round_000001,synthetic_003162,1,33671.121541,2096,230,221,134.000000
session_synthetic_003162_round_000002,synthetic_003162,2,33671.121541,2547,761,193,242.000000
session_synthetic_003162_round_000003,synthetic_003162,3,33671.121541,3501,965,73,470.000000
session_synthetic_003162_round_000004,synthetic_003162,4,33671.121541,4539,713,262,196.000000
session_synthetic_003162_round_000005,synthetic_003162,5,33671.121541,5514,503,215,427.000000
session_synthetic_003163_round_000000,synthetic_003163,0,33696.271206,0,2219,124,615.000000
session_synthetic_003163_round_000001,synthetic_003163,1,33696.271206,2343,459,85,428.000000
session_synthetic_003163_round_000002,synthetic_003163,2,33696.271206,2887,196,278,135.000000
session_synthetic_003163_round_000003,synthetic_003163,3,33696.271206,3361,252,175,172.000000
session_synthetic_003163_round_000004,synthetic_003163,4,33696.271206,3788,1307,223,309.000000
session_synthetic_003163_round_000005,synthetic_003163,5,33696.271206,5318,1467,223,191.000000
session_synthetic_003163_round_000006,synthetic_003163,6,33696.271206,7008,476,360,370.000000
session_synthetic_003163_round_000007,synthetic_003163,7,33696.271206,7844,1035,193,264.000000
session_synthetic_003164_round_000000,synthetic_003164,0,33711.300164,0,423,129,256.000000
session_synthetic_003164_round_000001,synthetic_003164,1,33711.300164,552,195,222,233.000000
session_synthetic_003164_round_000002,synthetic_003164,2,33711.300164,969,383,164,534.000000
session_synthetic_003164_round_000003,synthetic_003164,3,33711.300164,1516,456,120,252.000000
session_synthetic_003165_round_000000,synthetic_003165,0,33776.719406,0,288,154,404.000000
session_synthetic_003165_round_000001,synthetic_003165,1,33776.719406,442,336,247,433.000000
session_synthetic_003165_round_000002,synthetic_003165,2,33776.719406,1025,1062,134,191.000000
session_synthetic_003166_round_000000,synthetic_003166,0,33811.315138,0,806,84,393.000000
session_synthetic_003166_round_000001,synthetic_003166,1,33811.315138,890,203,200,522.000000
session_synthetic_003166_round_000002,synthetic_003166,2,33811.315138,1293,205,75,333.000000
session_synthetic_003166_round_000003,synthetic_003166,3,33811.315138,1573,943,152,214.000000
session_synthetic_003166_round_000004,synthetic_003166,4,33811.315138,2668,181,86,238.000000
session_synthetic_003166_round_000005,synthetic_003166,5,33811.315138,2935,158,296,201.000000
session_synthetic_003167_round_000000,synthetic_003167,0,33894.910503,0,360,170,375.000000
session_synthetic_003167_round_000001,synthetic_003167,1,33894.910503,530,233,145,260.000000
session_synthetic_003167_round_000002,synthetic_003167,2,33894.910503,908,319,307,235.000000
session_synthetic_003167_round_000003,synthetic_003167,3,33894.910503,1534,487,217,169.000000
session_synthetic_003167_round_000004,synthetic_003167,4,33894.910503,2238,666,189,414.000000
session_synthetic_003167_round_000005,synthetic_003167,5,33894.910503,3093,811,311,242.000000
session_synthetic_003167_round_000006,synthetic_003167,6,33894.910503,4215,495,158,387.000000
session_synthetic_003168_round_000000,synthetic_003168,0,33948.627307,0,643,150,135.000000
session_synthetic_003168_round_000001,synthetic_003168,1,33948.627307,793,338,81,240.000000
session_synthetic_003168_round_000002,synthetic_003168,2,33948.627307,1212,570,162,194.000000
session_synthetic_003168_round_000003,synthetic_003168,3,33948.627307,1944,317,269,356.000000
session_synthetic_003168_round_000004,synthetic_003168,4,33948.627307,2530,1426,683,161.000000
session_synthetic_003169_round_000000,synthetic_003169,0,34086.351407,0,687,174,275.000000
session_synthetic_003169_round_000001,synthetic_003169,1,34086.351407,861,1550,128,352.000000
session_synthetic_003169_round_000002,synthetic_003169,2,34086.351407,2539,296,168,741.000000
session_synthetic_003169_round_000003,synthetic_003169,3,34086.351407,3003,465,91,173.000000
session_synthetic_003169_round_000004,synthetic_003169,4,34086.351407,3559,304,261,202.000000
session_synthetic_003170_round_000000,synthetic_003170,0,34200.171033,0,2681,272,196.000000
session_synthetic_003170_round_000001,synthetic_003170,1,34200.171033,2953,113,182,274.000000
session_synthetic_003170_round_000002,synthetic_003170,2,34200.171033,3248,374,145,118.000000
session_synthetic_003170_round_000003,synthetic_003170,3,34200.171033,3767,1766,97,278.000000
session_synthetic_003170_round_000004,synthetic_003170,4,34200.171033,5630,208,180,323.000000
session_synthetic_003170_round_000005,synthetic_003170,5,34200.171033,6018,555,149,378.000000
session_synthetic_003170_round_000006,synthetic_003170,6,34200.171033,6722,439,167,133.000000
session_synthetic_003171_round_000000,synthetic_003171,0,34341.633399,0,1022,90,257.000000
session_synthetic_003171_round_000001,synthetic_003171,1,34341.633399,1112,421,333,393.000000
session_synthetic_003171_round_000002,synthetic_003171,2,34341.633399,1866,1110,138,253.000000
session_synthetic_003171_round_000003,synthetic_003171,3,34341.633399,3114,915,152,250.000000
session_synthetic_003171_round_000004,synthetic_003171,4,34341.633399,4181,724,166,312.000000
session_synthetic_003171_round_000005,synthetic_003171,5,34341.633399,5071,1327,304,415.000000
session_synthetic_003172_round_000000,synthetic_003172,0,34357.178691,0,1036,138,242.000000
session_synthetic_003172_round_000001,synthetic_003172,1,34357.178691,1174,537,208,322.000000
session_synthetic_003172_round_000002,synthetic_003172,2,34357.178691,1919,342,39,620.000000
session_synthetic_003173_round_000000,synthetic_003173,0,34461.873351,0,475,279,362.000000
session_synthetic_003173_round_000001,synthetic_003173,1,34461.873351,754,435,216,187.000000
session_synthetic_003173_round_000002,synthetic_003173,2,34461.873351,1405,966,265,612.000000
session_synthetic_003173_round_000003,synthetic_003173,3,34461.873351,2636,451,251,197.000000
session_synthetic_003174_round_000000,synthetic_003174,0,34671.362669,0,914,314,451.000000
session_synthetic_003174_round_000001,synthetic_003174,1,34671.362669,1228,1105,88,186.000000
session_synthetic_003174_round_000002,synthetic_003174,2,34671.362669,2421,712,316,128.000000
session_synthetic_003174_round_000003,synthetic_003174,3,34671.362669,3449,956,202,210.000000
session_synthetic_003174_round_000004,synthetic_003174,4,34671.362669,4607,740,190,167.000000
session_synthetic_003175_round_000000,synthetic_003175,0,34966.184166,0,1112,82,245.000000
session_synthetic_003175_round_000001,synthetic_003175,1,34966.184166,1194,311,183,224.000000
session_synthetic_003175_round_000002,synthetic_003175,2,34966.184166,1688,909,212,122.000000
session_synthetic_003175_round_000003,synthetic_003175,3,34966.184166,2809,541,79,371.000000
session_synthetic_003175_round_000004,synthetic_003175,4,34966.184166,3429,665,106,178.000000
session_synthetic_003176_round_000000,synthetic_003176,0,35108.832456,0,469,135,304.000000
session_synthetic_003176_round_000001,synthetic_003176,1,35108.832456,604,303,293,599.000000
session_synthetic_003176_round_000002,synthetic_003176,2,35108.832456,1200,400,147,414.000000
session_synthetic_003176_round_000003,synthetic_003176,3,35108.832456,1747,352,168,280.000000
session_synthetic_003176_round_000004,synthetic_003176,4,35108.832456,2267,126,136,227.000000
session_synthetic_003176_round_000005,synthetic_003176,5,35108.832456,2529,705,177,714.000000
session_synthetic_003176_round_000006,synthetic_003176,6,35108.832456,3411,2463,154,1171.000000
session_synthetic_003176_round_000007,synthetic_003176,7,35108.832456,6028,272,175,261.000000
session_synthetic_003177_round_000000,synthetic_003177,0,35196.272177,0,875,225,547.000000
session_synthetic_003177_round_000001,synthetic_003177,1,35196.272177,1100,268,104,248.000000
session_synthetic_003177_round_000002,synthetic_003177,2,35196.272177,1472,835,441,118.000000
session_synthetic_003177_round_000003,synthetic_003177,3,35196.272177,2748,222,318,575.000000
session_synthetic_003177_round_000004,synthetic_003177,4,35196.272177,3288,1140,283,304.000000
session_synthetic_003177_round_000005,synthetic_003177,5,35196.272177,4711,402,104,395.000000
session_synthetic_003178_round_000000,synthetic_003178,0,35399.528661,0,267,541,173.000000
session_synthetic_003178_round_000001,synthetic_003178,1,35399.528661,808,348,79,482.000000
session_synthetic_003178_round_000002,synthetic_003178,2,35399.528661,1235,1972,80,267.000000
session_synthetic_003178_round_000003,synthetic_003178,3,35399.528661,3287,679,528,360.000000
session_synthetic_003178_round_000004,synthetic_003178,4,35399.528661,4494,1446,197,315.000000
session_synthetic_003178_round_000005,synthetic_003178,5,35399.528661,6137,163,274,213.000000
session_synthetic_003178_round_000006,synthetic_003178,6,35399.528661,6574,194,116,298.000000
session_synthetic_003178_round_000007,synthetic_003178,7,35399.528661,6884,466,149,117.000000
session_synthetic_003179_round_000000,synthetic_003179,0,35480.430686,0,1168,148,165.000000
session_synthetic_003179_round_000001,synthetic_003179,1,35480.430686,1316,421,297,247.000000
session_synthetic_003179_round_000002,synthetic_003179,2,35480.430686,2034,231,243,289.000000
session_synthetic_003180_round_000000,synthetic_003180,0,35566.490451,0,445,186,182.000000
session_synthetic_003180_round_000001,synthetic_003180,1,35566.490451,631,647,250,329.000000
session_synthetic_003180_round_000002,synthetic_003180,2,35566.490451,1528,873,151,202.000000
session_synthetic_003180_round_000003,synthetic_003180,3,35566.490451,2552,950,182,319.000000
session_synthetic_003180_round_000004,synthetic_003180,4,35566.490451,3684,299,154,149.000000
session_synthetic_003180_round_000005,synthetic_003180,5,35566.490451,4137,255,402,235.000000
session_synthetic_003180_round_000006,synthetic_003180,6,35566.490451,4794,126,93,326.000000
session_synthetic_003181_round_000000,synthetic_003181,0,36123.386093,0,291,132,209.000000
session_synthetic_003181_round_000001,synthetic_003181,1,36123.386093,423,845,313,289.000000
session_synthetic_003181_round_000002,synthetic_003181,2,36123.386093,1581,404,125,796.000000
session_synthetic_003181_round_000003,synthetic_003181,3,36123.386093,2110,1687,193,277.000000
session_synthetic_003181_round_000004,synthetic_003181,4,36123.386093,3990,961,134,181.000000
session_synthetic_003181_round_000005,synthetic_003181,5,36123.386093,5085,748,193,241.000000
session_synthetic_003181_round_000006,synthetic_003181,6,36123.386093,6026,484,484,443.000000
session_synthetic_003182_round_000000,synthetic_003182,0,36171.484930,0,1517,141,365.000000
session_synthetic_003182_round_000001,synthetic_003182,1,36171.484930,1658,1974,197,234.000000
session_synthetic_003182_round_000002,synthetic_003182,2,36171.484930,3829,599,370,242.000000
session_synthetic_003182_round_000003,synthetic_003182,3,36171.484930,4798,332,86,349.000000
session_synthetic_003182_round_000004,synthetic_003182,4,36171.484930,5216,660,116,187.000000
session_synthetic_003183_round_000000,synthetic_003183,0,36545.839910,0,442,271,333.000000
session_synthetic_003183_round_000001,synthetic_003183,1,36545.839910,713,164,63,406.000000
session_synthetic_003183_round_000002,synthetic_003183,2,36545.839910,940,802,283,103.000000
session_synthetic_003183_round_000003,synthetic_003183,3,36545.839910,2025,876,306,644.000000
session_synthetic_003183_round_000004,synthetic_003183,4,36545.839910,3207,370,175,322.000000
session_synthetic_003184_round_000000,synthetic_003184,0,36696.577085,0,234,165,440.000000
session_synthetic_003184_round_000001,synthetic_003184,1,36696.577085,399,107,85,561.000000
session_synthetic_003184_round_000002,synthetic_003184,2,36696.577085,591,601,115,1218.000000
session_synthetic_003184_round_000003,synthetic_003184,3,36696.577085,1307,1187,261,218.000000
session_synthetic_003184_round_000004,synthetic_003184,4,36696.577085,2755,1066,87,246.000000
session_synthetic_003184_round_000005,synthetic_003184,5,36696.577085,3908,354,293,331.000000
session_synthetic_003185_round_000000,synthetic_003185,0,36726.941556,0,2386,241,126.000000
session_synthetic_003185_round_000001,synthetic_003185,1,36726.941556,2627,266,123,162.000000
session_synthetic_003185_round_000002,synthetic_003185,2,36726.941556,3016,398,157,223.000000
session_synthetic_003185_round_000003,synthetic_003185,3,36726.941556,3571,1315,94,428.000000
session_synthetic_003185_round_000004,synthetic_003185,4,36726.941556,4980,238,139,417.000000
session_synthetic_003186_round_000000,synthetic_003186,0,37321.240659,0,1325,342,425.000000
session_synthetic_003186_round_000001,synthetic_003186,1,37321.240659,1667,812,209,357.000000
session_synthetic_003186_round_000002,synthetic_003186,2,37321.240659,2688,865,328,235.000000
session_synthetic_003186_round_000003,synthetic_003186,3,37321.240659,3881,715,165,276.000000
session_synthetic_003186_round_000004,synthetic_003186,4,37321.240659,4761,619,264,231.000000
session_synthetic_003186_round_000005,synthetic_003186,5,37321.240659,5644,364,196,217.000000
session_synthetic_003186_round_000006,synthetic_003186,6,37321.240659,6204,676,129,139.000000
session_synthetic_003187_round_000000,synthetic_003187,0,37376.768255,0,755,301,300.000000
session_synthetic_003187_round_000001,synthetic_003187,1,37376.768255,1056,1208,168,381.000000
session_synthetic_003187_round_000002,synthetic_003187,2,37376.768255,2432,492,196,239.000000
session_synthetic_003187_round_000003,synthetic_003187,3,37376.768255,3120,354,129,1412.000000
session_synthetic_003187_round_000004,synthetic_003187,4,37376.768255,3603,853,93,315.000000
session_synthetic_003187_round_000005,synthetic_003187,5,37376.768255,4549,792,269,287.000000
session_synthetic_003187_round_000006,synthetic_003187,6,37376.768255,5610,328,119,303.000000
session_synthetic_003187_round_000007,synthetic_003187,7,37376.768255,6057,677,193,105.000000
session_synthetic_003188_round_000000,synthetic_003188,0,37739.680020,0,136,165,296.000000
session_synthetic_003188_round_000001,synthetic_003188,1,37739.680020,301,149,158,145.000000
session_synthetic_003188_round_000002,synthetic_003188,2,37739.680020,608,79,170,275.000000
session_synthetic_003188_round_000003,synthetic_003188,3,37739.680020,857,317,428,128.000000
session_synthetic_003188_round_000004,synthetic_003188,4,37739.680020,1602,462,192,319.000000
session_synthetic_003188_round_000005,synthetic_003188,5,37739.680020,2256,496,231,177.000000
session_synthetic_003189_round_000000,synthetic_003189,0,37810.601339,0,198,84,319.000000
session_synthetic_003189_round_000001,synthetic_003189,1,37810.601339,282,1022,176,568.000000
session_synthetic_003189_round_000002,synthetic_003189,2,37810.601339,1480,818,187,327.000000
session_synthetic_003189_round_000003,synthetic_003189,3,37810.601339,2485,292,614,163.000000
session_synthetic_003189_round_000004,synthetic_003189,4,37810.601339,3391,1156,297,304.000000
session_synthetic_003190_round_000000,synthetic_003190,0,38017.492387,0,175,228,161.000000
session_synthetic_003190_round_000001,synthetic_003190,1,38017.492387,403,1404,131,444.000000
session_synthetic_003190_round_000002,synthetic_003190,2,38017.492387,1938,1678,79,133.000000
session_synthetic_003190_round_000003,synthetic_003190,3,38017.492387,3695,569,71,216.000000
session_synthetic_003191_round_000000,synthetic_003191,0,38116.560129,0,427,166,412.000000
session_synthetic_003191_round_000001,synthetic_003191,1,38116.560129,593,244,235,132.000000
session_synthetic_003191_round_000002,synthetic_003191,2,38116.560129,1072,264,165,306.000000
session_synthetic_003191_round_000003,synthetic_003191,3,38116.560129,1501,392,383,317.000000
session_synthetic_003191_round_000004,synthetic_003191,4,38116.560129,2276,363,46,389.000000
session_synthetic_003191_round_000005,synthetic_003191,5,38116.560129,2685,150,118,473.000000
session_synthetic_003191_round_000006,synthetic_003191,6,38116.560129,2953,491,125,436.000000
session_synthetic_003192_round_000000,synthetic_003192,0,38864.232218,0,1784,173,198.000000
session_synthetic_003192_round_000001,synthetic_003192,1,38864.232218,1957,202,93,287.000000
session_synthetic_003192_round_000002,synthetic_003192,2,38864.232218,2252,934,134,528.000000
session_synthetic_003192_round_000003,synthetic_003192,3,38864.232218,3320,2870,247,196.000000
session_synthetic_003192_round_000004,synthetic_003192,4,38864.232218,6437,414,83,308.000000
session_synthetic_003192_round_000005,synthetic_003192,5,38864.232218,6934,870,354,266.000000
session_synthetic_003192_round_000006,synthetic_003192,6,38864.232218,8158,486,223,149.000000
session_synthetic_003192_round_000007,synthetic_003192,7,38864.232218,8867,392,198,425.000000
session_synthetic_003193_round_000000,synthetic_003193,0,39448.419449,0,454,213,372.000000
session_synthetic_003193_round_000001,synthetic_003193,1,39448.419449,667,358,282,796.000000
session_synthetic_003193_round_000002,synthetic_003193,2,39448.419449,1307,504,135,261.000000
session_synthetic_003193_round_000003,synthetic_003193,3,39448.419449,1946,272,188,219.000000
session_synthetic_003194_round_000000,synthetic_003194,0,39541.413681,0,229,136,283.000000
session_synthetic_003194_round_000001,synthetic_003194,1,39541.413681,365,879,102,334.000000
session_synthetic_003194_round_000002,synthetic_003194,2,39541.413681,1346,194,172,265.000000
session_synthetic_003194_round_000003,synthetic_003194,3,39541.413681,1712,634,231,320.000000
session_synthetic_003195_round_000000,synthetic_003195,0,39583.831985,0,1193,121,236.000000
session_synthetic_003195_round_000001,synthetic_003195,1,39583.831985,1314,156,177,320.000000
session_synthetic_003195_round_000002,synthetic_003195,2,39583.831985,1647,1144,144,224.000000
session_synthetic_003195_round_000003,synthetic_003195,3,39583.831985,2935,365,149,223.000000
session_synthetic_003195_round_000004,synthetic_003195,4,39583.831985,3449,516,182,283.000000
session_synthetic_003195_round_000005,synthetic_003195,5,39583.831985,4147,181,148,255.000000
session_synthetic_003195_round_000006,synthetic_003195,6,39583.831985,4476,179,148,237.000000
session_synthetic_003195_round_000007,synthetic_003195,7,39583.831985,4803,1190,260,224.000000
session_synthetic_003196_round_000000,synthetic_003196,0,39644.305985,0,317,227,169.000000
session_synthetic_003196_round_000001,synthetic_003196,1,39644.305985,544,209,137,49.000000
session_synthetic_003196_round_000002,synthetic_003196,2,39644.305985,890,192,143,552.000000
session_synthetic_003196_round_000003,synthetic_003196,3,39644.305985,1225,428,151,190.000000
session_synthetic_003196_round_000004,synthetic_003196,4,39644.305985,1804,312,217,233.000000
session_synthetic_003196_round_000005,synthetic_003196,5,39644.305985,2333,176,236,183.000000
session_synthetic_003196_round_000006,synthetic_003196,6,39644.305985,2745,256,177,157.000000
session_synthetic_003196_round_000007,synthetic_003196,7,39644.305985,3178,5131,284,84.000000
session_synthetic_003197_round_000000,synthetic_003197,0,39834.200791,0,501,376,314.000000
session_synthetic_003197_round_000001,synthetic_003197,1,39834.200791,877,488,272,452.000000
session_synthetic_003197_round_000002,synthetic_003197,2,39834.200791,1637,1042,69,230.000000
session_synthetic_003197_round_000003,synthetic_003197,3,39834.200791,2748,645,317,456.000000
session_synthetic_003198_round_000000,synthetic_003198,0,39940.714581,0,114,141,293.000000
session_synthetic_003198_round_000001,synthetic_003198,1,39940.714581,255,345,271,250.000000
session_synthetic_003198_round_000002,synthetic_003198,2,39940.714581,871,1317,310,297.000000
session_synthetic_003198_round_000003,synthetic_003198,3,39940.714581,2498,560,158,103.000000
session_synthetic_003198_round_000004,synthetic_003198,4,39940.714581,3216,497,192,304.000000
session_synthetic_003198_round_000005,synthetic_003198,5,39940.714581,3905,655,197,111.000000
session_synthetic_003198_round_000006,synthetic_003198,6,39940.714581,4757,500,278,389.000000
session_synthetic_003199_round_000000,synthetic_003199,0,40013.863468,0,347,200,265.000000
session_synthetic_003199_round_000001,synthetic_003199,1,40013.863468,547,1988,164,434.000000
session_synthetic_003199_round_000002,synthetic_003199,2,40013.863468,2699,176,166,380.000000
session_synthetic_003199_round_000003,synthetic_003199,3,40013.863468,3041,916,196,328.000000
session_synthetic_003199_round_000004,synthetic_003199,4,40013.863468,4153,423,77,559.000000
session_synthetic_003199_round_000005,synthetic_003199,5,40013.863468,4653,819,163,189.000000
session_synthetic_003200_round_000000,synthetic_003200,0,41541.531518,0,327,327,247.000000
session_synthetic_003200_round_000001,synthetic_003200,1,41541.531518,654,1283,205,139.000000
session_synthetic_003200_round_000002,synthetic_003200,2,41541.531518,2142,336,191,901.000000
session_synthetic_003200_round_000003,synthetic_003200,3,41541.531518,2669,209,114,448.000000
session_synthetic_003200_round_000004,synthetic_003200,4,41541.531518,2992,306,144,196.000000
session_synthetic_003200_round_000005,synthetic_003200,5,41541.531518,3442,989,129,140.000000
session_synthetic_003201_round_000000,synthetic_003201,0,41676.776180,0,1208,357,423.000000
session_synthetic_003201_round_000001,synthetic_003201,1,41676.776180,1565,173,140,307.000000
session_synthetic_003201_round_000002,synthetic_003201,2,41676.776180,1878,1423,191,355.000000
session_synthetic_003201_round_000003,synthetic_003201,3,41676.776180,3492,1050,133,386.000000
session_synthetic_003202_round_000000,synthetic_003202,0,41688.138115,0,738,150,144.000000
session_synthetic_003202_round_000001,synthetic_003202,1,41688.138115,888,362,347,517.000000
session_synthetic_003202_round_000002,synthetic_003202,2,41688.138115,1597,440,160,456.000000
session_synthetic_003202_round_000003,synthetic_003202,3,41688.138115,2197,219,394,175.000000
session_synthetic_003202_round_000004,synthetic_003202,4,41688.138115,2810,533,233,265.000000
session_synthetic_003202_round_000005,synthetic_003202,5,41688.138115,3576,651,192,560.000000
session_synthetic_003202_round_000006,synthetic_003202,6,41688.138115,4419,474,241,568.000000
session_synthetic_003202_round_000007,synthetic_003202,7,41688.138115,5134,523,271,325.000000
session_synthetic_003203_round_000000,synthetic_003203,0,41726.332131,0,434,257,112.000000
session_synthetic_003203_round_000001,synthetic_003203,1,41726.332131,691,264,273,429.000000
session_synthetic_003203_round_000002,synthetic_003203,2,41726.332131,1228,359,269,329.000000
session_synthetic_003203_round_000003,synthetic_003203,3,41726.332131,1856,547,269,297.000000
session_synthetic_003204_round_000000,synthetic_003204,0,41926.600649,0,388,253,296.000000
session_synthetic_003204_round_000001,synthetic_003204,1,41926.600649,641,1391,145,182.000000
session_synthetic_003204_round_000002,synthetic_003204,2,41926.600649,2177,336,182,250.000000
session_synthetic_003205_round_000000,synthetic_003205,0,42726.641025,0,199,298,452.000000
session_synthetic_003205_round_000001,synthetic_003205,1,42726.641025,497,486,180,742.000000
session_synthetic_003205_round_000002,synthetic_003205,2,42726.641025,1163,392,208,146.000000
session_synthetic_003206_round_000000,synthetic_003206,0,42768.174216,0,1214,213,315.000000
session_synthetic_003206_round_000001,synthetic_003206,1,42768.174216,1427,899,152,370.000000
session_synthetic_003206_round_000002,synthetic_003206,2,42768.174216,2478,615,231,456.000000
session_synthetic_003206_round_000003,synthetic_003206,3,42768.174216,3324,171,154,124.000000
session_synthetic_003207_round_000000,synthetic_003207,0,43312.953478,0,462,86,276.000000
session_synthetic_003207_round_000001,synthetic_003207,1,43312.953478,548,441,117,159.000000
session_synthetic_003207_round_000002,synthetic_003207,2,43312.953478,1106,263,111,84.000000
session_synthetic_003207_round_000003,synthetic_003207,3,43312.953478,1480,740,152,512.000000
session_synthetic_003207_round_000004,synthetic_003207,4,43312.953478,2372,360,158,315.000000
session_synthetic_003208_round_000000,synthetic_003208,0,43408.533211,0,1583,138,985.000000
session_synthetic_003208_round_000001,synthetic_003208,1,43408.533211,1721,515,335,440.000000
session_synthetic_003208_round_000002,synthetic_003208,2,43408.533211,2571,554,138,320.000000
session_synthetic_003208_round_000003,synthetic_003208,3,43408.533211,3263,227,194,133.000000
session_synthetic_003209_round_000000,synthetic_003209,0,43683.302567,0,664,200,316.000000
session_synthetic_003209_round_000001,synthetic_003209,1,43683.302567,864,444,87,125.000000
session_synthetic_003209_round_000002,synthetic_003209,2,43683.302567,1395,328,181,185.000000
session_synthetic_003209_round_000003,synthetic_003209,3,43683.302567,1904,1891,319,359.000000
session_synthetic_003209_round_000004,synthetic_003209,4,43683.302567,4114,1076,220,248.000000
session_synthetic_003209_round_000005,synthetic_003209,5,43683.302567,5410,348,160,198.000000
session_synthetic_003210_round_000000,synthetic_003210,0,43977.487549,0,327,144,606.000000
session_synthetic_003210_round_000001,synthetic_003210,1,43977.487549,471,115,285,398.000000
session_synthetic_003210_round_000002,synthetic_003210,2,43977.487549,871,362,126,571.000000
session_synthetic_003210_round_000003,synthetic_003210,3,43977.487549,1359,203,177,171.000000
session_synthetic_003211_round_000000,synthetic_003211,0,44027.516977,0,451,186,152.000000
session_synthetic_003211_round_000001,synthetic_003211,1,44027.516977,637,593,188,457.000000
session_synthetic_003211_round_000002,synthetic_003211,2,44027.516977,1418,732,118,477.000000
session_synthetic_003211_round_000003,synthetic_003211,3,44027.516977,2268,171,54,154.000000
session_synthetic_003211_round_000004,synthetic_003211,4,44027.516977,2493,1235,54,111.000000
session_synthetic_003211_round_000005,synthetic_003211,5,44027.516977,3782,393,160,212.000000
session_synthetic_003211_round_000006,synthetic_003211,6,44027.516977,4335,561,83,251.000000
session_synthetic_003211_round_000007,synthetic_003211,7,44027.516977,4979,1023,99,136.000000
session_synthetic_003211_round_000008,synthetic_003211,8,44027.516977,6101,666,183,604.000000
session_synthetic_003212_round_000000,synthetic_003212,0,44123.337568,0,320,187,296.000000
session_synthetic_003212_round_000001,synthetic_003212,1,44123.337568,507,326,95,152.000000
session_synthetic_003212_round_000002,synthetic_003212,2,44123.337568,928,1304,115,156.000000
session_synthetic_003212_round_000003,synthetic_003212,3,44123.337568,2347,616,189,244.000000
session_synthetic_003212_round_000004,synthetic_003212,4,44123.337568,3152,153,378,193.000000
session_synthetic_003212_round_000005,synthetic_003212,5,44123.337568,3683,422,73,109.000000
session_synthetic_003212_round_000006,synthetic_003212,6,44123.337568,4178,1849,152,163.000000
session_synthetic_003213_round_000000,synthetic_003213,0,44131.755876,0,816,285,1236.000000
session_synthetic_003213_round_000001,synthetic_003213,1,44131.755876,1101,590,269,209.000000
session_synthetic_003213_round_000002,synthetic_003213,2,44131.755876,1960,291,581,279.000000
session_synthetic_003213_round_000003,synthetic_003213,3,44131.755876,2832,1142,155,148.000000
session_synthetic_003213_round_000004,synthetic_003213,4,44131.755876,4129,654,174,170.000000
session_synthetic_003213_round_000005,synthetic_003213,5,44131.755876,4957,241,202,89.000000
session_synthetic_003213_round_000006,synthetic_003213,6,44131.755876,5400,480,159,268.000000
session_synthetic_003213_round_000007,synthetic_003213,7,44131.755876,6039,813,127,893.000000
session_synthetic_003214_round_000000,synthetic_003214,0,44218.251260,0,1180,228,870.000000
session_synthetic_003214_round_000001,synthetic_003214,1,44218.251260,1408,752,137,94.000000
session_synthetic_003214_round_000002,synthetic_003214,2,44218.251260,2297,432,143,678.000000
session_synthetic_003214_round_000003,synthetic_003214,3,44218.251260,2872,738,146,160.000000
session_synthetic_003214_round_000004,synthetic_003214,4,44218.251260,3756,276,155,128.000000
session_synthetic_003215_round_000000,synthetic_003215,0,44235.205105,0,146,160,729.000000
session_synthetic_003215_round_000001,synthetic_003215,1,44235.205105,306,1111,217,195.000000
session_synthetic_003215_round_000002,synthetic_003215,2,44235.205105,1634,1318,158,791.000000
session_synthetic_003215_round_000003,synthetic_003215,3,44235.205105,3110,834,177,208.000000
session_synthetic_003216_round_000000,synthetic_003216,0,44270.166133,0,544,83,202.000000
session_synthetic_003216_round_000001,synthetic_003216,1,44270.166133,627,1392,130,114.000000
session_synthetic_003216_round_000002,synthetic_003216,2,44270.166133,2149,735,243,257.000000
session_synthetic_003216_round_000003,synthetic_003216,3,44270.166133,3127,1207,105,751.000000
session_synthetic_003216_round_000004,synthetic_003216,4,44270.166133,4439,553,276,176.000000
session_synthetic_003217_round_000000,synthetic_003217,0,44699.969407,0,934,145,392.000000
session_synthetic_003217_round_000001,synthetic_003217,1,44699.969407,1079,837,96,146.000000
session_synthetic_003217_round_000002,synthetic_003217,2,44699.969407,2012,1202,305,82.000000
session_synthetic_003218_round_000000,synthetic_003218,0,44812.379560,0,409,220,446.000000
session_synthetic_003218_round_000001,synthetic_003218,1,44812.379560,629,265,143,746.000000
session_synthetic_003218_round_000002,synthetic_003218,2,44812.379560,1037,1503,81,232.000000
session_synthetic_003218_round_000003,synthetic_003218,3,44812.379560,2621,950,185,899.000000
session_synthetic_003218_round_000004,synthetic_003218,4,44812.379560,3756,532,105,558.000000
session_synthetic_003218_round_000005,synthetic_003218,5,44812.379560,4393,418,291,443.000000
session_synthetic_003219_round_000000,synthetic_003219,0,44822.778716,0,539,135,209.000000
session_synthetic_003219_round_000001,synthetic_003219,1,44822.778716,674,659,264,240.000000
session_synthetic_003219_round_000002,synthetic_003219,2,44822.778716,1597,309,162,188.000000
session_synthetic_003219_round_000003,synthetic_003219,3,44822.778716,2068,417,223,441.000000
session_synthetic_003219_round_000004,synthetic_003219,4,44822.778716,2708,290,286,182.000000
session_synthetic_003220_round_000000,synthetic_003220,0,44912.660015,0,249,173,209.000000
session_synthetic_003220_round_000001,synthetic_003220,1,44912.660015,422,527,222,118.000000
session_synthetic_003220_round_000002,synthetic_003220,2,44912.660015,1171,968,108,358.000000
session_synthetic_003220_round_000003,synthetic_003220,3,44912.660015,2247,719,236,310.000000
session_synthetic_003220_round_000004,synthetic_003220,4,44912.660015,3202,498,163,227.000000
session_synthetic_003220_round_000005,synthetic_003220,5,44912.660015,3863,794,49,343.000000
session_synthetic_003221_round_000000,synthetic_003221,0,45755.716344,0,299,133,294.000000
session_synthetic_003221_round_000001,synthetic_003221,1,45755.716344,432,656,126,259.000000
session_synthetic_003221_round_000002,synthetic_003221,2,45755.716344,1214,795,254,79.000000
session_synthetic_003222_round_000000,synthetic_003222,0,46402.777686,0,883,123,621.000000
session_synthetic_003222_round_000001,synthetic_003222,1,46402.777686,1006,346,314,214.000000
session_synthetic_003222_round_000002,synthetic_003222,2,46402.777686,1666,2088,147,272.000000
session_synthetic_003222_round_000003,synthetic_003222,3,46402.777686,3901,1233,322,505.000000
session_synthetic_003222_round_000004,synthetic_003222,4,46402.777686,5456,449,510,78.000000
session_synthetic_003223_round_000000,synthetic_003223,0,47206.118108,0,1015,337,190.000000
session_synthetic_003223_round_000001,synthetic_003223,1,47206.118108,1352,455,261,141.000000
session_synthetic_003223_round_000002,synthetic_003223,2,47206.118108,2068,475,177,254.000000
session_synthetic_003223_round_000003,synthetic_003223,3,47206.118108,2720,545,747,648.000000
session_synthetic_003223_round_000004,synthetic_003223,4,47206.118108,4012,310,249,188.000000
session_synthetic_003224_round_000000,synthetic_003224,0,47207.793772,0,1184,131,254.000000
session_synthetic_003224_round_000001,synthetic_003224,1,47207.793772,1315,816,71,359.000000
session_synthetic_003224_round_000002,synthetic_003224,2,47207.793772,2202,321,241,170.000000
session_synthetic_003224_round_000003,synthetic_003224,3,47207.793772,2764,684,310,126.000000
session_synthetic_003224_round_000004,synthetic_003224,4,47207.793772,3758,259,206,341.000000
session_synthetic_003224_round_000005,synthetic_003224,5,47207.793772,4223,738,236,315.000000
session_synthetic_003224_round_000006,synthetic_003224,6,47207.793772,5197,337,146,153.000000
session_synthetic_003224_round_000007,synthetic_003224,7,47207.793772,5680,370,111,325.000000
session_synthetic_003225_round_000000,synthetic_003225,0,47345.138251,0,532,323,207.000000
session_synthetic_003225_round_000001,synthetic_003225,1,47345.138251,855,218,191,141.000000
session_synthetic_003225_round_000002,synthetic_003225,2,47345.138251,1264,1079,123,221.000000
session_synthetic_003225_round_000003,synthetic_003225,3,47345.138251,2466,442,193,274.000000
session_synthetic_003225_round_000004,synthetic_003225,4,47345.138251,3101,255,175,197.000000
session_synthetic_003225_round_000005,synthetic_003225,5,47345.138251,3531,536,190,152.000000
session_synthetic_003226_round_000000,synthetic_003226,0,47469.402107,0,629,174,229.000000
session_synthetic_003226_round_000001,synthetic_003226,1,47469.402107,803,433,149,209.000000
session_synthetic_003226_round_000002,synthetic_003226,2,47469.402107,1385,2975,272,412.000000
session_synthetic_003226_round_000003,synthetic_003226,3,47469.402107,4632,332,250,178.000000
session_synthetic_003226_round_000004,synthetic_003226,4,47469.402107,5214,302,158,120.000000
session_synthetic_003226_round_000005,synthetic_003226,5,47469.402107,5674,1191,105,210.000000
session_synthetic_003226_round_000006,synthetic_003226,6,47469.402107,6970,587,209,151.000000
session_synthetic_003226_round_000007,synthetic_003226,7,47469.402107,7766,1565,153,297.000000
session_synthetic_003227_round_000000,synthetic_003227,0,47628.343667,0,468,80,331.000000
session_synthetic_003227_round_000001,synthetic_003227,1,47628.343667,548,1100,144,164.000000
session_synthetic_003227_round_000002,synthetic_003227,2,47628.343667,1792,531,352,269.000000
session_synthetic_003227_round_000003,synthetic_003227,3,47628.343667,2675,773,221,638.000000
session_synthetic_003227_round_000004,synthetic_003227,4,47628.343667,3669,336,153,699.000000
session_synthetic_003227_round_000005,synthetic_003227,5,47628.343667,4158,568,115,707.000000
session_synthetic_003227_round_000006,synthetic_003227,6,47628.343667,4841,139,46,245.000000
session_synthetic_003228_round_000000,synthetic_003228,0,48045.148418,0,125,58,106.000000
session_synthetic_003228_round_000001,synthetic_003228,1,48045.148418,183,291,354,256.000000
session_synthetic_003228_round_000002,synthetic_003228,2,48045.148418,828,149,138,260.000000
session_synthetic_003228_round_000003,synthetic_003228,3,48045.148418,1115,1084,100,454.000000
session_synthetic_003228_round_000004,synthetic_003228,4,48045.148418,2299,1035,141,148.000000
session_synthetic_003228_round_000005,synthetic_003228,5,48045.148418,3475,407,216,125.000000
session_synthetic_003229_round_000000,synthetic_003229,0,48086.212269,0,244,309,445.000000
session_synthetic_003229_round_000001,synthetic_003229,1,48086.212269,553,351,116,494.000000
session_synthetic_003229_round_000002,synthetic_003229,2,48086.212269,1020,343,246,221.000000
session_synthetic_003229_round_000003,synthetic_003229,3,48086.212269,1609,539,246,466.000000
session_synthetic_003229_round_000004,synthetic_003229,4,48086.212269,2394,472,229,307.000000
session_synthetic_003230_round_000000,synthetic_003230,0,48198.392059,0,137,348,198.000000
session_synthetic_003230_round_000001,synthetic_003230,1,48198.392059,485,866,87,307.000000
session_synthetic_003230_round_000002,synthetic_003230,2,48198.392059,1438,486,252,169.000000
session_synthetic_003230_round_000003,synthetic_003230,3,48198.392059,2176,922,198,176.000000
session_synthetic_003230_round_000004,synthetic_003230,4,48198.392059,3296,435,264,362.000000
session_synthetic_003230_round_000005,synthetic_003230,5,48198.392059,3995,573,322,368.000000
session_synthetic_003230_round_000006,synthetic_003230,6,48198.392059,4890,695,206,527.000000
session_synthetic_003231_round_000000,synthetic_003231,0,48288.842529,0,2145,201,298.000000
session_synthetic_003231_round_000001,synthetic_003231,1,48288.842529,2346,867,231,322.000000
session_synthetic_003231_round_000002,synthetic_003231,2,48288.842529,3444,1057,198,224.000000
session_synthetic_003231_round_000003,synthetic_003231,3,48288.842529,4699,748,180,418.000000
session_synthetic_003231_round_000004,synthetic_003231,4,48288.842529,5627,1175,98,272.000000
session_synthetic_003231_round_000005,synthetic_003231,5,48288.842529,6900,309,232,526.000000
session_synthetic_003232_round_000000,synthetic_003232,0,48651.884855,0,378,259,599.000000
session_synthetic_003232_round_000001,synthetic_003232,1,48651.884855,637,330,94,120.000000
session_synthetic_003232_round_000002,synthetic_003232,2,48651.884855,1061,1756,86,124.000000
session_synthetic_003232_round_000003,synthetic_003232,3,48651.884855,2903,2298,405,239.000000
session_synthetic_003232_round_000004,synthetic_003232,4,48651.884855,5606,305,120,631.000000
session_synthetic_003233_round_000000,synthetic_003233,0,48808.488221,0,407,127,531.000000
session_synthetic_003233_round_000001,synthetic_003233,1,48808.488221,534,1712,172,481.000000
session_synthetic_003233_round_000002,synthetic_003233,2,48808.488221,2418,719,122,152.000000
session_synthetic_003234_round_000000,synthetic_003234,0,49201.540589,0,452,328,683.000000
session_synthetic_003234_round_000001,synthetic_003234,1,49201.540589,780,1711,122,298.000000
session_synthetic_003234_round_000002,synthetic_003234,2,49201.540589,2613,757,139,109.000000
session_synthetic_003234_round_000003,synthetic_003234,3,49201.540589,3509,2482,160,764.000000
session_synthetic_003234_round_000004,synthetic_003234,4,49201.540589,6151,1107,139,281.000000
session_synthetic_003234_round_000005,synthetic_003234,5,49201.540589,7397,1736,252,801.000000
session_synthetic_003235_round_000000,synthetic_003235,0,49327.333793,0,121,325,240.000000
session_synthetic_003235_round_000001,synthetic_003235,1,49327.333793,446,297,432,149.000000
session_synthetic_003235_round_000002,synthetic_003235,2,49327.333793,1175,392,132,149.000000
session_synthetic_003235_round_000003,synthetic_003235,3,49327.333793,1699,473,222,99.000000
session_synthetic_003236_round_000000,synthetic_003236,0,49495.344361,0,760,160,229.000000
session_synthetic_003236_round_000001,synthetic_003236,1,49495.344361,920,534,117,422.000000
session_synthetic_003236_round_000002,synthetic_003236,2,49495.344361,1571,131,148,262.000000
session_synthetic_003236_round_000003,synthetic_003236,3,49495.344361,1850,879,335,785.000000
session_synthetic_003236_round_000004,synthetic_003236,4,49495.344361,3064,521,241,438.000000
session_synthetic_003236_round_000005,synthetic_003236,5,49495.344361,3826,720,150,373.000000
session_synthetic_003236_round_000006,synthetic_003236,6,49495.344361,4696,1385,112,217.000000
session_synthetic_003237_round_000000,synthetic_003237,0,49850.930458,0,628,74,852.000000
session_synthetic_003237_round_000001,synthetic_003237,1,49850.930458,702,362,184,181.000000
session_synthetic_003237_round_000002,synthetic_003237,2,49850.930458,1248,1189,175,91.000000
session_synthetic_003237_round_000003,synthetic_003237,3,49850.930458,2612,669,149,482.000000
session_synthetic_003237_round_000004,synthetic_003237,4,49850.930458,3430,1125,145,686.000000
session_synthetic_003237_round_000005,synthetic_003237,5,49850.930458,4700,203,307,211.000000
session_synthetic_003237_round_000006,synthetic_003237,6,49850.930458,5210,570,404,166.000000
session_synthetic_003238_round_000000,synthetic_003238,0,50591.460882,0,319,111,798.000000
session_synthetic_003238_round_000001,synthetic_003238,1,50591.460882,430,446,255,388.000000
session_synthetic_003238_round_000002,synthetic_003238,2,50591.460882,1131,416,150,235.000000
session_synthetic_003238_round_000003,synthetic_003238,3,50591.460882,1697,267,263,116.000000
session_synthetic_003238_round_000004,synthetic_003238,4,50591.460882,2227,597,150,173.000000
session_synthetic_003238_round_000005,synthetic_003238,5,50591.460882,2974,369,495,408.000000
session_synthetic_003238_round_000006,synthetic_003238,6,50591.460882,3838,195,273,226.000000
session_synthetic_003238_round_000007,synthetic_003238,7,50591.460882,4306,467,183,544.000000
session_synthetic_003238_round_000008,synthetic_003238,8,50591.460882,4956,1004,181,173.000000
session_synthetic_003239_round_000000,synthetic_003239,0,50683.564814,0,1651,156,429.000000
session_synthetic_003239_round_000001,synthetic_003239,1,50683.564814,1807,488,134,207.000000
session_synthetic_003239_round_000002,synthetic_003239,2,50683.564814,2429,221,142,123.000000
session_synthetic_003239_round_000003,synthetic_003239,3,50683.564814,2792,2847,327,324.000000
session_synthetic_003239_round_000004,synthetic_003239,4,50683.564814,5966,545,204,218.000000
session_synthetic_003239_round_000005,synthetic_003239,5,50683.564814,6715,200,215,127.000000
session_synthetic_003240_round_000000,synthetic_003240,0,51158.061210,0,794,119,222.000000
session_synthetic_003240_round_000001,synthetic_003240,1,51158.061210,913,788,142,211.000000
session_synthetic_003240_round_000002,synthetic_003240,2,51158.061210,1843,383,130,295.000000
session_synthetic_003240_round_000003,synthetic_003240,3,51158.061210,2356,302,409,324.000000
session_synthetic_003240_round_000004,synthetic_003240,4,51158.061210,3067,505,195,261.000000
session_synthetic_003240_round_000005,synthetic_003240,5,51158.061210,3767,236,118,926.000000
session_synthetic_003240_round_000006,synthetic_003240,6,51158.061210,4121,499,181,198.000000
session_synthetic_003241_round_000000,synthetic_003241,0,51246.662060,0,217,246,712.000000
session_synthetic_003241_round_000001,synthetic_003241,1,51246.662060,463,1080,294,155.000000
session_synthetic_003241_round_000002,synthetic_003241,2,51246.662060,1837,370,203,280.000000
session_synthetic_003241_round_000003,synthetic_003241,3,51246.662060,2410,1301,307,740.000000
session_synthetic_003241_round_000004,synthetic_003241,4,51246.662060,4018,506,188,213.000000
session_synthetic_003241_round_000005,synthetic_003241,5,51246.662060,4712,375,118,465.000000
session_synthetic_003242_round_000000,synthetic_003242,0,51459.667623,0,1278,123,432.000000
session_synthetic_003242_round_000001,synthetic_003242,1,51459.667623,1401,1815,119,271.000000
session_synthetic_003242_round_000002,synthetic_003242,2,51459.667623,3335,866,212,168.000000
session_synthetic_003242_round_000003,synthetic_003242,3,51459.667623,4413,256,194,339.000000
session_synthetic_003242_round_000004,synthetic_003242,4,51459.667623,4863,640,229,353.000000
session_synthetic_003243_round_000000,synthetic_003243,0,51651.851008,0,460,173,923.000000
session_synthetic_003243_round_000001,synthetic_003243,1,51651.851008,633,903,132,192.000000
session_synthetic_003243_round_000002,synthetic_003243,2,51651.851008,1668,152,184,298.000000
session_synthetic_003243_round_000003,synthetic_003243,3,51651.851008,2004,325,161,374.000000
session_synthetic_003243_round_000004,synthetic_003243,4,51651.851008,2490,380,174,245.000000
session_synthetic_003244_round_000000,synthetic_003244,0,51757.785235,0,719,195,219.000000
session_synthetic_003244_round_000001,synthetic_003244,1,51757.785235,914,930,176,152.000000
session_synthetic_003244_round_000002,synthetic_003244,2,51757.785235,2020,746,106,275.000000
session_synthetic_003244_round_000003,synthetic_003244,3,51757.785235,2872,2033,308,211.000000
session_synthetic_003245_round_000000,synthetic_003245,0,51916.451436,0,896,141,856.000000
session_synthetic_003245_round_000001,synthetic_003245,1,51916.451436,1037,160,251,756.000000
session_synthetic_003245_round_000002,synthetic_003245,2,51916.451436,1448,1314,350,195.000000
session_synthetic_003245_round_000003,synthetic_003245,3,51916.451436,3112,523,104,309.000000
session_synthetic_003245_round_000004,synthetic_003245,4,51916.451436,3739,983,263,753.000000
session_synthetic_003245_round_000005,synthetic_003245,5,51916.451436,4985,255,189,307.000000
session_synthetic_003245_round_000006,synthetic_003245,6,51916.451436,5429,243,151,501.000000
session_synthetic_003245_round_000007,synthetic_003245,7,51916.451436,5823,1380,120,269.000000
session_synthetic_003246_round_000000,synthetic_003246,0,52086.074823,0,487,112,668.000000
session_synthetic_003246_round_000001,synthetic_003246,1,52086.074823,599,290,122,69.000000
session_synthetic_003246_round_000002,synthetic_003246,2,52086.074823,1011,501,243,229.000000
session_synthetic_003246_round_000003,synthetic_003246,3,52086.074823,1755,742,299,172.000000
session_synthetic_003246_round_000004,synthetic_003246,4,52086.074823,2796,685,174,338.000000
session_synthetic_003246_round_000005,synthetic_003246,5,52086.074823,3655,265,129,211.000000
session_synthetic_003246_round_000006,synthetic_003246,6,52086.074823,4049,601,238,762.000000
session_synthetic_003246_round_000007,synthetic_003246,7,52086.074823,4888,255,238,146.000000
session_synthetic_003247_round_000000,synthetic_003247,0,52242.771068,0,429,359,608.000000
session_synthetic_003247_round_000001,synthetic_003247,1,52242.771068,788,266,318,135.000000
session_synthetic_003247_round_000002,synthetic_003247,2,52242.771068,1372,377,177,362.000000
session_synthetic_003247_round_000003,synthetic_003247,3,52242.771068,1926,865,130,193.000000
session_synthetic_003248_round_000000,synthetic_003248,0,52516.270389,0,262,263,173.000000
session_synthetic_003248_round_000001,synthetic_003248,1,52516.270389,525,830,92,149.000000
session_synthetic_003248_round_000002,synthetic_003248,2,52516.270389,1447,313,184,223.000000
session_synthetic_003249_round_000000,synthetic_003249,0,52661.195026,0,995,136,461.000000
session_synthetic_003249_round_000001,synthetic_003249,1,52661.195026,1131,595,297,191.000000
session_synthetic_003249_round_000002,synthetic_003249,2,52661.195026,2023,113,140,414.000000
session_synthetic_003249_round_000003,synthetic_003249,3,52661.195026,2276,451,108,551.000000
session_synthetic_003249_round_000004,synthetic_003249,4,52661.195026,2835,101,131,305.000000
session_synthetic_003249_round_000005,synthetic_003249,5,52661.195026,3067,132,152,269.000000
session_synthetic_003249_round_000006,synthetic_003249,6,52661.195026,3351,298,106,190.000000
session_synthetic_003249_round_000007,synthetic_003249,7,52661.195026,3755,478,358,332.000000
session_synthetic_003249_round_000008,synthetic_003249,8,52661.195026,4591,394,265,159.000000
session_synthetic_003250_round_000000,synthetic_003250,0,53050.071101,0,758,140,326.000000
session_synthetic_003250_round_000001,synthetic_003250,1,53050.071101,898,771,58,1012.000000
session_synthetic_003250_round_000002,synthetic_003250,2,53050.071101,1727,1426,90,448.000000
session_synthetic_003250_round_000003,synthetic_003250,3,53050.071101,3243,1028,260,406.000000
session_synthetic_003251_round_000000,synthetic_003251,0,53534.101824,0,2929,221,58.000000
session_synthetic_003251_round_000001,synthetic_003251,1,53534.101824,3150,1073,166,169.000000
session_synthetic_003251_round_000002,synthetic_003251,2,53534.101824,4389,705,274,60.000000
session_synthetic_003251_round_000003,synthetic_003251,3,53534.101824,5368,2952,129,60.000000
session_synthetic_003251_round_000004,synthetic_003251,4,53534.101824,8449,1081,123,125.000000
session_synthetic_003251_round_000005,synthetic_003251,5,53534.101824,9653,276,109,221.000000
session_synthetic_003251_round_000006,synthetic_003251,6,53534.101824,10038,810,117,129.000000
session_synthetic_003251_round_000007,synthetic_003251,7,53534.101824,10965,1008,244,258.000000
session_synthetic_003252_round_000000,synthetic_003252,0,54249.466398,0,398,164,222.000000
session_synthetic_003252_round_000001,synthetic_003252,1,54249.466398,562,755,189,231.000000
session_synthetic_003252_round_000002,synthetic_003252,2,54249.466398,1506,386,110,122.000000
session_synthetic_003252_round_000003,synthetic_003252,3,54249.466398,2002,752,253,427.000000
session_synthetic_003252_round_000004,synthetic_003252,4,54249.466398,3007,362,119,218.000000
session_synthetic_003252_round_000005,synthetic_003252,5,54249.466398,3488,1072,212,746.000000
session_synthetic_003252_round_000006,synthetic_003252,6,54249.466398,4772,238,137,935.000000
session_synthetic_003252_round_000007,synthetic_003252,7,54249.466398,5147,751,124,920.000000
session_synthetic_003252_round_000008,synthetic_003252,8,54249.466398,6022,1305,77,276.000000
session_synthetic_003253_round_000000,synthetic_003253,0,54590.655619,0,593,107,87.000000
session_synthetic_003253_round_000001,synthetic_003253,1,54590.655619,700,1034,196,123.000000
session_synthetic_003253_round_000002,synthetic_003253,2,54590.655619,1930,665,102,202.000000
session_synthetic_003253_round_000003,synthetic_003253,3,54590.655619,2697,1893,86,463.000000
session_synthetic_003253_round_000004,synthetic_003253,4,54590.655619,4676,1077,224,179.000000
session_synthetic_003253_round_000005,synthetic_003253,5,54590.655619,5977,734,228,288.000000
session_synthetic_003254_round_000000,synthetic_003254,0,54722.706922,0,220,164,395.000000
session_synthetic_003254_round_000001,synthetic_003254,1,54722.706922,384,1209,145,564.000000
session_synthetic_003254_round_000002,synthetic_003254,2,54722.706922,1738,952,166,222.000000
session_synthetic_003254_round_000003,synthetic_003254,3,54722.706922,2856,1875,120,352.000000
session_synthetic_003254_round_000004,synthetic_003254,4,54722.706922,4851,606,274,381.000000
session_synthetic_003255_round_000000,synthetic_003255,0,54869.029547,0,1061,229,232.000000
session_synthetic_003255_round_000001,synthetic_003255,1,54869.029547,1290,743,168,292.000000
session_synthetic_003255_round_000002,synthetic_003255,2,54869.029547,2201,281,93,183.000000
session_synthetic_003255_round_000003,synthetic_003255,3,54869.029547,2575,508,152,302.000000
session_synthetic_003255_round_000004,synthetic_003255,4,54869.029547,3235,432,209,310.000000
session_synthetic_003255_round_000005,synthetic_003255,5,54869.029547,3876,539,308,306.000000
session_synthetic_003256_round_000000,synthetic_003256,0,55016.778031,0,1384,100,176.000000
session_synthetic_003256_round_000001,synthetic_003256,1,55016.778031,1484,629,232,215.000000
session_synthetic_003256_round_000002,synthetic_003256,2,55016.778031,2345,1342,220,300.000000
session_synthetic_003256_round_000003,synthetic_003256,3,55016.778031,3907,185,121,403.000000
session_synthetic_003256_round_000004,synthetic_003256,4,55016.778031,4213,291,262,94.000000
session_synthetic_003256_round_000005,synthetic_003256,5,55016.778031,4766,647,377,630.000000
session_synthetic_003256_round_000006,synthetic_003256,6,55016.778031,5790,571,212,310.000000
session_synthetic_003257_round_000000,synthetic_003257,0,55105.898960,0,395,203,463.000000
session_synthetic_003257_round_000001,synthetic_003257,1,55105.898960,598,837,139,221.000000
session_synthetic_003257_round_000002,synthetic_003257,2,55105.898960,1574,504,187,629.000000
session_synthetic_003258_round_000000,synthetic_003258,0,55162.531268,0,790,68,190.000000
session_synthetic_003258_round_000001,synthetic_003258,1,55162.531268,858,436,211,366.000000
session_synthetic_003258_round_000002,synthetic_003258,2,55162.531268,1505,307,240,200.000000
session_synthetic_003258_round_000003,synthetic_003258,3,55162.531268,2052,420,206,223.000000
session_synthetic_003258_round_000004,synthetic_003258,4,55162.531268,2678,602,160,135.000000
session_synthetic_003259_round_000000,synthetic_003259,0,55293.714584,0,365,148,465.000000
session_synthetic_003259_round_000001,synthetic_003259,1,55293.714584,513,954,359,632.000000
session_synthetic_003259_round_000002,synthetic_003259,2,55293.714584,1826,546,142,139.000000
session_synthetic_003259_round_000003,synthetic_003259,3,55293.714584,2514,624,112,203.000000
session_synthetic_003259_round_000004,synthetic_003259,4,55293.714584,3250,424,122,637.000000
session_synthetic_003260_round_000000,synthetic_003260,0,55623.947945,0,923,125,262.000000
session_synthetic_003260_round_000001,synthetic_003260,1,55623.947945,1048,761,147,398.000000
session_synthetic_003260_round_000002,synthetic_003260,2,55623.947945,1956,902,161,177.000000
session_synthetic_003260_round_000003,synthetic_003260,3,55623.947945,3019,585,142,521.000000
session_synthetic_003261_round_000000,synthetic_003261,0,55784.016920,0,1630,182,434.000000
session_synthetic_003261_round_000001,synthetic_003261,1,55784.016920,1812,1174,97,441.000000
session_synthetic_003261_round_000002,synthetic_003261,2,55784.016920,3083,300,95,493.000000
session_synthetic_003261_round_000003,synthetic_003261,3,55784.016920,3478,391,294,315.000000
session_synthetic_003261_round_000004,synthetic_003261,4,55784.016920,4163,429,95,300.000000
session_synthetic_003261_round_000005,synthetic_003261,5,55784.016920,4687,340,249,141.000000
session_synthetic_003261_round_000006,synthetic_003261,6,55784.016920,5276,951,231,489.000000
session_synthetic_003262_round_000000,synthetic_003262,0,56026.560534,0,407,214,892.000000
session_synthetic_003262_round_000001,synthetic_003262,1,56026.560534,621,380,52,320.000000
session_synthetic_003262_round_000002,synthetic_003262,2,56026.560534,1053,937,146,244.000000
session_synthetic_003262_round_000003,synthetic_003262,3,56026.560534,2136,516,194,199.000000
session_synthetic_003262_round_000004,synthetic_003262,4,56026.560534,2846,422,159,242.000000
session_synthetic_003263_round_000000,synthetic_003263,0,56248.978122,0,714,111,116.000000
session_synthetic_003263_round_000001,synthetic_003263,1,56248.978122,825,533,573,341.000000
session_synthetic_003263_round_000002,synthetic_003263,2,56248.978122,1931,357,107,285.000000
session_synthetic_003263_round_000003,synthetic_003263,3,56248.978122,2395,639,61,114.000000
session_synthetic_003263_round_000004,synthetic_003263,4,56248.978122,3095,917,81,200.000000
session_synthetic_003263_round_000005,synthetic_003263,5,56248.978122,4093,512,227,258.000000
session_synthetic_003263_round_000006,synthetic_003263,6,56248.978122,4832,94,258,176.000000
session_synthetic_003264_round_000000,synthetic_003264,0,56421.830156,0,1349,136,103.000000
session_synthetic_003264_round_000001,synthetic_003264,1,56421.830156,1485,704,150,334.000000
session_synthetic_003264_round_000002,synthetic_003264,2,56421.830156,2339,351,140,344.000000
session_synthetic_003264_round_000003,synthetic_003264,3,56421.830156,2830,2143,143,232.000000
session_synthetic_003264_round_000004,synthetic_003264,4,56421.830156,5116,331,210,241.000000
session_synthetic_003264_round_000005,synthetic_003264,5,56421.830156,5657,1317,230,259.000000
session_synthetic_003264_round_000006,synthetic_003264,6,56421.830156,7204,370,183,163.000000
session_synthetic_003264_round_000007,synthetic_003264,7,56421.830156,7757,3292,122,420.000000
session_synthetic_003264_round_000008,synthetic_003264,8,56421.830156,11171,1259,119,521.000000
session_synthetic_003265_round_000000,synthetic_003265,0,56490.389129,0,198,181,572.000000
session_synthetic_003265_round_000001,synthetic_003265,1,56490.389129,379,218,100,964.000000
session_synthetic_003265_round_000002,synthetic_003265,2,56490.389129,697,1051,120,105.000000
session_synthetic_003265_round_000003,synthetic_003265,3,56490.389129,1868,819,179,213.000000
session_synthetic_003265_round_000004,synthetic_003265,4,56490.389129,2866,605,307,118.000000
session_synthetic_003265_round_000005,synthetic_003265,5,56490.389129,3778,1911,124,681.000000
session_synthetic_003266_round_000000,synthetic_003266,0,56932.183750,0,1849,279,556.000000
session_synthetic_003266_round_000001,synthetic_003266,1,56932.183750,2128,849,148,529.000000
session_synthetic_003266_round_000002,synthetic_003266,2,56932.183750,3125,1099,111,286.000000
session_synthetic_003266_round_000003,synthetic_003266,3,56932.183750,4335,631,146,564.000000
session_synthetic_003267_round_000000,synthetic_003267,0,56987.334275,0,345,79,111.000000
session_synthetic_003267_round_000001,synthetic_003267,1,56987.334275,424,491,188,558.000000
session_synthetic_003267_round_000002,synthetic_003267,2,56987.334275,1103,1090,219,312.000000
session_synthetic_003267_round_000003,synthetic_003267,3,56987.334275,2412,1013,204,154.000000
session_synthetic_003267_round_000004,synthetic_003267,4,56987.334275,3629,623,152,360.000000
session_synthetic_003267_round_000005,synthetic_003267,5,56987.334275,4404,263,255,350.000000
session_synthetic_003268_round_000000,synthetic_003268,0,57012.847511,0,557,202,179.000000
session_synthetic_003268_round_000001,synthetic_003268,1,57012.847511,759,765,123,259.000000
session_synthetic_003268_round_000002,synthetic_003268,2,57012.847511,1647,681,467,325.000000
session_synthetic_003268_round_000003,synthetic_003268,3,57012.847511,2795,672,85,254.000000
session_synthetic_003268_round_000004,synthetic_003268,4,57012.847511,3552,544,228,411.000000
session_synthetic_003268_round_000005,synthetic_003268,5,57012.847511,4324,1796,128,297.000000
session_synthetic_003268_round_000006,synthetic_003268,6,57012.847511,6248,385,305,140.000000
session_synthetic_003268_round_000007,synthetic_003268,7,57012.847511,6938,632,99,155.000000
session_synthetic_003268_round_000008,synthetic_003268,8,57012.847511,7669,857,126,257.000000
session_synthetic_003269_round_000000,synthetic_003269,0,57149.387811,0,775,250,353.000000
session_synthetic_003269_round_000001,synthetic_003269,1,57149.387811,1025,1957,110,148.000000
session_synthetic_003269_round_000002,synthetic_003269,2,57149.387811,3092,542,243,363.000000
session_synthetic_003269_round_000003,synthetic_003269,3,57149.387811,3877,347,155,284.000000
session_synthetic_003269_round_000004,synthetic_003269,4,57149.387811,4379,227,167,159.000000
session_synthetic_003269_round_000005,synthetic_003269,5,57149.387811,4773,539,116,463.000000
session_synthetic_003269_round_000006,synthetic_003269,6,57149.387811,5428,633,149,181.000000
session_synthetic_003269_round_000007,synthetic_003269,7,57149.387811,6210,392,186,271.000000
session_synthetic_003269_round_000008,synthetic_003269,8,57149.387811,6788,1263,112,349.000000
session_synthetic_003270_round_000000,synthetic_003270,0,57292.546459,0,155,102,271.000000
session_synthetic_003270_round_000001,synthetic_003270,1,57292.546459,257,602,176,404.000000
session_synthetic_003270_round_000002,synthetic_003270,2,57292.546459,1035,276,117,160.000000
session_synthetic_003270_round_000003,synthetic_003270,3,57292.546459,1428,496,153,256.000000
session_synthetic_003270_round_000004,synthetic_003270,4,57292.546459,2077,652,53,627.000000
session_synthetic_003270_round_000005,synthetic_003270,5,57292.546459,2782,433,136,189.000000
session_synthetic_003270_round_000006,synthetic_003270,6,57292.546459,3351,505,159,226.000000
session_synthetic_003270_round_000007,synthetic_003270,7,57292.546459,4015,540,164,161.000000
session_synthetic_003270_round_000008,synthetic_003270,8,57292.546459,4719,1151,140,191.000000
session_synthetic_003271_round_000000,synthetic_003271,0,57347.503390,0,632,138,232.000000
session_synthetic_003271_round_000001,synthetic_003271,1,57347.503390,770,642,86,180.000000
session_synthetic_003271_round_000002,synthetic_003271,2,57347.503390,1498,1274,83,359.000000
session_synthetic_003271_round_000003,synthetic_003271,3,57347.503390,2855,329,154,179.000000
session_synthetic_003271_round_000004,synthetic_003271,4,57347.503390,3338,621,69,127.000000
session_synthetic_003272_round_000000,synthetic_003272,0,57402.075104,0,566,228,527.000000
session_synthetic_003272_round_000001,synthetic_003272,1,57402.075104,794,859,89,316.000000
session_synthetic_003272_round_000002,synthetic_003272,2,57402.075104,1742,411,176,220.000000
session_synthetic_003272_round_000003,synthetic_003272,3,57402.075104,2329,301,132,144.000000
session_synthetic_003273_round_000000,synthetic_003273,0,57522.322381,0,333,131,146.000000
session_synthetic_003273_round_000001,synthetic_003273,1,57522.322381,464,287,82,126.000000
session_synthetic_003273_round_000002,synthetic_003273,2,57522.322381,833,181,233,428.000000
session_synthetic_003273_round_000003,synthetic_003273,3,57522.322381,1247,368,184,190.000000
session_synthetic_003274_round_000000,synthetic_003274,0,57684.693760,0,363,157,312.000000
session_synthetic_003274_round_000001,synthetic_003274,1,57684.693760,520,299,186,357.000000
session_synthetic_003274_round_000002,synthetic_003274,2,57684.693760,1005,385,199,306.000000
session_synthetic_003274_round_000003,synthetic_003274,3,57684.693760,1589,1173,245,441.000000
session_synthetic_003274_round_000004,synthetic_003274,4,57684.693760,3007,958,64,778.000000
session_synthetic_003275_round_000000,synthetic_003275,0,57726.633497,0,1299,142,217.000000
session_synthetic_003275_round_000001,synthetic_003275,1,57726.633497,1441,257,329,259.000000
session_synthetic_003275_round_000002,synthetic_003275,2,57726.633497,2027,386,203,435.000000
session_synthetic_003275_round_000003,synthetic_003275,3,57726.633497,2616,346,408,111.000000
session_synthetic_003275_round_000004,synthetic_003275,4,57726.633497,3370,284,198,227.000000
session_synthetic_003275_round_000005,synthetic_003275,5,57726.633497,3852,785,111,94.000000
session_synthetic_003275_round_000006,synthetic_003275,6,57726.633497,4748,2976,274,517.000000
session_synthetic_003276_round_000000,synthetic_003276,0,57899.140722,0,455,204,436.000000
session_synthetic_003276_round_000001,synthetic_003276,1,57899.140722,659,552,132,359.000000
session_synthetic_003276_round_000002,synthetic_003276,2,57899.140722,1343,621,211,68.000000
session_synthetic_003276_round_000003,synthetic_003276,3,57899.140722,2175,3739,237,643.000000
session_synthetic_003276_round_000004,synthetic_003276,4,57899.140722,6151,511,137,200.000000
session_synthetic_003276_round_000005,synthetic_003276,5,57899.140722,6799,248,54,273.000000
session_synthetic_003276_round_000006,synthetic_003276,6,57899.140722,7101,900,226,530.000000
session_synthetic_003276_round_000007,synthetic_003276,7,57899.140722,8227,120,351,435.000000
session_synthetic_003277_round_000000,synthetic_003277,0,58168.230108,0,283,169,340.000000
session_synthetic_003277_round_000001,synthetic_003277,1,58168.230108,452,468,274,511.000000
session_synthetic_003277_round_000002,synthetic_003277,2,58168.230108,1194,813,212,234.000000
session_synthetic_003277_round_000003,synthetic_003277,3,58168.230108,2219,790,184,975.000000
session_synthetic_003277_round_000004,synthetic_003277,4,58168.230108,3193,360,96,170.000000
session_synthetic_003277_round_000005,synthetic_003277,5,58168.230108,3649,631,165,218.000000
session_synthetic_003277_round_000006,synthetic_003277,6,58168.230108,4445,398,148,985.000000
session_synthetic_003277_round_000007,synthetic_003277,7,58168.230108,4991,545,70,181.000000
session_synthetic_003278_round_000000,synthetic_003278,0,58194.924817,0,889,142,166.000000
session_synthetic_003278_round_000001,synthetic_003278,1,58194.924817,1031,350,385,249.000000
session_synthetic_003278_round_000002,synthetic_003278,2,58194.924817,1766,929,173,500.000000
session_synthetic_003278_round_000003,synthetic_003278,3,58194.924817,2868,808,252,89.000000
session_synthetic_003279_round_000000,synthetic_003279,0,58273.258382,0,1234,187,129.000000
session_synthetic_003279_round_000001,synthetic_003279,1,58273.258382,1421,371,101,205.000000
session_synthetic_003279_round_000002,synthetic_003279,2,58273.258382,1893,441,196,534.000000
session_synthetic_003279_round_000003,synthetic_003279,3,58273.258382,2530,99,335,113.000000
session_synthetic_003279_round_000004,synthetic_003279,4,58273.258382,2964,494,126,85.000000
session_synthetic_003279_round_000005,synthetic_003279,5,58273.258382,3584,594,191,250.000000
session_synthetic_003279_round_000006,synthetic_003279,6,58273.258382,4369,309,246,169.000000
session_synthetic_003280_round_000000,synthetic_003280,0,58678.785180,0,1042,186,80.000000
session_synthetic_003280_round_000001,synthetic_003280,1,58678.785180,1228,942,241,162.000000
session_synthetic_003280_round_000002,synthetic_003280,2,58678.785180,2411,604,63,598.000000
session_synthetic_003280_round_000003,synthetic_003280,3,58678.785180,3078,569,156,672.000000
session_synthetic_003280_round_000004,synthetic_003280,4,58678.785180,3803,283,383,1111.000000
session_synthetic_003281_round_000000,synthetic_003281,0,58681.851030,0,245,110,551.000000
session_synthetic_003281_round_000001,synthetic_003281,1,58681.851030,355,482,231,319.000000
session_synthetic_003281_round_000002,synthetic_003281,2,58681.851030,1068,871,48,338.000000
session_synthetic_003281_round_000003,synthetic_003281,3,58681.851030,1987,827,206,260.000000
session_synthetic_003281_round_000004,synthetic_003281,4,58681.851030,3020,4092,229,466.000000
session_synthetic_003281_round_000005,synthetic_003281,5,58681.851030,7341,826,266,276.000000
session_synthetic_003281_round_000006,synthetic_003281,6,58681.851030,8433,563,354,179.000000
session_synthetic_003281_round_000007,synthetic_003281,7,58681.851030,9350,484,179,142.000000
session_synthetic_003282_round_000000,synthetic_003282,0,58988.169986,0,531,215,137.000000
session_synthetic_003282_round_000001,synthetic_003282,1,58988.169986,746,161,262,627.000000
session_synthetic_003282_round_000002,synthetic_003282,2,58988.169986,1169,654,119,168.000000
session_synthetic_003282_round_000003,synthetic_003282,3,58988.169986,1942,643,168,654.000000
session_synthetic_003282_round_000004,synthetic_003282,4,58988.169986,2753,1590,202,378.000000
session_synthetic_003282_round_000005,synthetic_003282,5,58988.169986,4545,1089,151,118.000000
session_synthetic_003283_round_000000,synthetic_003283,0,59160.457891,0,291,137,220.000000
session_synthetic_003283_round_000001,synthetic_003283,1,59160.457891,428,285,171,1115.000000
session_synthetic_003283_round_000002,synthetic_003283,2,59160.457891,884,1030,190,278.000000
session_synthetic_003283_round_000003,synthetic_003283,3,59160.457891,2104,647,184,289.000000
session_synthetic_003284_round_000000,synthetic_003284,0,59203.931434,0,90,195,190.000000
session_synthetic_003284_round_000001,synthetic_003284,1,59203.931434,285,285,229,126.000000
session_synthetic_003284_round_000002,synthetic_003284,2,59203.931434,799,307,220,340.000000
session_synthetic_003284_round_000003,synthetic_003284,3,59203.931434,1326,924,161,176.000000
session_synthetic_003285_round_000000,synthetic_003285,0,60067.271344,0,509,166,41.000000
session_synthetic_003285_round_000001,synthetic_003285,1,60067.271344,675,299,128,348.000000
session_synthetic_003285_round_000002,synthetic_003285,2,60067.271344,1102,605,160,126.000000
session_synthetic_003285_round_000003,synthetic_003285,3,60067.271344,1867,910,159,179.000000
session_synthetic_003286_round_000000,synthetic_003286,0,60135.073741,0,1236,237,375.000000
session_synthetic_003286_round_000001,synthetic_003286,1,60135.073741,1473,247,318,270.000000
session_synthetic_003286_round_000002,synthetic_003286,2,60135.073741,2038,780,162,239.000000
session_synthetic_003286_round_000003,synthetic_003286,3,60135.073741,2980,590,101,343.000000
session_synthetic_003286_round_000004,synthetic_003286,4,60135.073741,3671,413,498,329.000000
session_synthetic_003286_round_000005,synthetic_003286,5,60135.073741,4582,995,465,144.000000
session_synthetic_003286_round_000006,synthetic_003286,6,60135.073741,6042,114,174,221.000000
session_synthetic_003287_round_000000,synthetic_003287,0,60246.596839,0,883,99,241.000000
session_synthetic_003287_round_000001,synthetic_003287,1,60246.596839,982,800,196,262.000000
session_synthetic_003287_round_000002,synthetic_003287,2,60246.596839,1978,728,183,161.000000
session_synthetic_003287_round_000003,synthetic_003287,3,60246.596839,2889,204,180,360.000000
session_synthetic_003288_round_000000,synthetic_003288,0,60377.931183,0,1444,243,246.000000
session_synthetic_003288_round_000001,synthetic_003288,1,60377.931183,1687,4813,144,281.000000
session_synthetic_003288_round_000002,synthetic_003288,2,60377.931183,6644,752,148,199.000000
session_synthetic_003288_round_000003,synthetic_003288,3,60377.931183,7544,361,179,318.000000
session_synthetic_003288_round_000004,synthetic_003288,4,60377.931183,8084,322,318,167.000000
session_synthetic_003288_round_000005,synthetic_003288,5,60377.931183,8724,798,215,155.000000
session_synthetic_003288_round_000006,synthetic_003288,6,60377.931183,9737,568,192,608.000000
session_synthetic_003288_round_000007,synthetic_003288,7,60377.931183,10497,791,108,191.000000
session_synthetic_003288_round_000008,synthetic_003288,8,60377.931183,11396,303,77,253.000000
session_synthetic_003289_round_000000,synthetic_003289,0,60396.217429,0,347,162,193.000000
session_synthetic_003289_round_000001,synthetic_003289,1,60396.217429,509,644,175,455.000000
session_synthetic_003289_round_000002,synthetic_003289,2,60396.217429,1328,237,139,283.000000
session_synthetic_003289_round_000003,synthetic_003289,3,60396.217429,1704,375,180,269.000000
session_synthetic_003289_round_000004,synthetic_003289,4,60396.217429,2259,569,111,274.000000
session_synthetic_003289_round_000005,synthetic_003289,5,60396.217429,2939,258,269,411.000000
session_synthetic_003289_round_000006,synthetic_003289,6,60396.217429,3466,565,218,439.000000
session_synthetic_003289_round_000007,synthetic_003289,7,60396.217429,4249,361,179,121.000000
session_synthetic_003290_round_000000,synthetic_003290,0,60539.270133,0,603,263,820.000000
session_synthetic_003290_round_000001,synthetic_003290,1,60539.270133,866,1336,242,244.000000
session_synthetic_003290_round_000002,synthetic_003290,2,60539.270133,2444,303,306,325.000000
session_synthetic_003290_round_000003,synthetic_003290,3,60539.270133,3053,325,169,441.000000
session_synthetic_003290_round_000004,synthetic_003290,4,60539.270133,3547,489,84,347.000000
session_synthetic_003291_round_000000,synthetic_003291,0,61108.712026,0,449,123,495.000000
session_synthetic_003291_round_000001,synthetic_003291,1,61108.712026,572,262,106,288.000000
session_synthetic_003291_round_000002,synthetic_003291,2,61108.712026,940,301,133,373.000000
session_synthetic_003291_round_000003,synthetic_003291,3,61108.712026,1374,427,215,235.000000
session_synthetic_003291_round_000004,synthetic_003291,4,61108.712026,2016,489,235,332.000000
session_synthetic_003291_round_000005,synthetic_003291,5,61108.712026,2740,726,93,298.000000
session_synthetic_003291_round_000006,synthetic_003291,6,61108.712026,3559,453,212,549.000000
session_synthetic_003292_round_000000,synthetic_003292,0,61326.133780,0,299,91,813.000000
session_synthetic_003292_round_000001,synthetic_003292,1,61326.133780,390,316,273,279.000000
session_synthetic_003292_round_000002,synthetic_003292,2,61326.133780,979,175,273,420.000000
session_synthetic_003292_round_000003,synthetic_003292,3,61326.133780,1427,209,84,390.000000
session_synthetic_003293_round_000000,synthetic_003293,0,61663.770871,0,383,131,214.000000
session_synthetic_003293_round_000001,synthetic_003293,1,61663.770871,514,276,214,211.000000
session_synthetic_003293_round_000002,synthetic_003293,2,61663.770871,1004,739,229,477.000000
session_synthetic_003294_round_000000,synthetic_003294,0,62003.775305,0,501,174,154.000000
session_synthetic_003294_round_000001,synthetic_003294,1,62003.775305,675,982,488,380.000000
session_synthetic_003294_round_000002,synthetic_003294,2,62003.775305,2145,289,146,187.000000
session_synthetic_003294_round_000003,synthetic_003294,3,62003.775305,2580,346,157,163.000000
session_synthetic_003294_round_000004,synthetic_003294,4,62003.775305,3083,337,199,335.000000
session_synthetic_003294_round_000005,synthetic_003294,5,62003.775305,3619,138,230,59.000000
session_synthetic_003295_round_000000,synthetic_003295,0,62482.990362,0,311,89,299.000000
session_synthetic_003295_round_000001,synthetic_003295,1,62482.990362,400,476,187,271.000000
session_synthetic_003295_round_000002,synthetic_003295,2,62482.990362,1063,1288,175,529.000000
session_synthetic_003295_round_000003,synthetic_003295,3,62482.990362,2526,585,220,125.000000
session_synthetic_003295_round_000004,synthetic_003295,4,62482.990362,3331,556,453,978.000000
session_synthetic_003295_round_000005,synthetic_003295,5,62482.990362,4340,3691,130,267.000000
session_synthetic_003295_round_000006,synthetic_003295,6,62482.990362,8161,220,439,260.000000
session_synthetic_003295_round_000007,synthetic_003295,7,62482.990362,8820,105,168,197.000000
session_synthetic_003296_round_000000,synthetic_003296,0,62737.991967,0,521,165,291.000000
session_synthetic_003296_round_000001,synthetic_003296,1,62737.991967,686,453,254,271.000000
session_synthetic_003296_round_000002,synthetic_003296,2,62737.991967,1393,1334,181,239.000000
session_synthetic_003296_round_000003,synthetic_003296,3,62737.991967,2908,706,165,337.000000
session_synthetic_003296_round_000004,synthetic_003296,4,62737.991967,3779,415,254,944.000000
session_synthetic_003297_round_000000,synthetic_003297,0,62759.148963,0,831,292,408.000000
session_synthetic_003297_round_000001,synthetic_003297,1,62759.148963,1123,1340,394,527.000000
session_synthetic_003297_round_000002,synthetic_003297,2,62759.148963,2857,3928,118,171.000000
session_synthetic_003297_round_000003,synthetic_003297,3,62759.148963,6903,379,204,256.000000
session_synthetic_003297_round_000004,synthetic_003297,4,62759.148963,7486,1149,116,148.000000
session_synthetic_003297_round_000005,synthetic_003297,5,62759.148963,8751,406,199,889.000000
session_synthetic_003297_round_000006,synthetic_003297,6,62759.148963,9356,1371,158,218.000000
session_synthetic_003297_round_000007,synthetic_003297,7,62759.148963,10885,131,144,823.000000
session_synthetic_003298_round_000000,synthetic_003298,0,62864.789879,0,935,151,405.000000
session_synthetic_003298_round_000001,synthetic_003298,1,62864.789879,1086,787,195,254.000000
session_synthetic_003298_round_000002,synthetic_003298,2,62864.789879,2068,475,215,227.000000
session_synthetic_003298_round_000003,synthetic_003298,3,62864.789879,2758,713,228,303.000000
session_synthetic_003299_round_000000,synthetic_003299,0,63328.271836,0,823,494,503.000000
session_synthetic_003299_round_000001,synthetic_003299,1,63328.271836,1317,1255,349,690.000000
session_synthetic_003299_round_000002,synthetic_003299,2,63328.271836,2921,321,66,955.000000
session_synthetic_003299_round_000003,synthetic_003299,3,63328.271836,3308,438,216,215.000000
session_synthetic_003299_round_000004,synthetic_003299,4,63328.271836,3962,501,182,256.000000
session_synthetic_003299_round_000005,synthetic_003299,5,63328.271836,4645,540,124,372.000000
session_synthetic_003299_round_000006,synthetic_003299,6,63328.271836,5309,419,191,133.000000
session_synthetic_003299_round_000007,synthetic_003299,7,63328.271836,5919,963,247,286.000000
session_synthetic_003299_round_000008,synthetic_003299,8,63328.271836,7129,564,385,114.000000
